qaOrder,lemma,patternId,exampleId,pl,normalized,hash,file,fileSize,technicalStatus,humanQaStatus,humanQaNote,exact_polish
1,brać,vp-p-brac-fixed-participation-w-locative-participation-target-e33132012e5e,vp-e-brac-fixed-participation-w-locative-participation-target-primary-cf5588dd2882,Biorę udział w konferencji.,Biorę udział w konferencji.,9b1ffa9729fd,audio/9b1ffa9729fd.mp3,15696,PASS,PENDING,,Biorę udział w konferencji.
2,brać,vp-p-brac-literal-taking-accusative-entity-optional-instrumental-means-2965ea4b8dd9,vp-e-brac-literal-taking-accusative-entity-optional-instrumental-means-primary-519c54631db3,Biorę kostki lodu szczypcami.,Biorę kostki lodu szczypcami.,428e47a16e14,audio/428e47a16e14.mp3,15984,PASS,PENDING,,Biorę kostki lodu szczypcami.
3,brać,vp-p-brac-literal-taking-accusative-entity-za-accusative-gripped-part-5b4e470ceb63,vp-e-brac-literal-taking-accusative-entity-za-accusative-gripped-part-primary-941d0e0c64fc,Biorę dziecko za rękę.,Biorę dziecko za rękę.,9955c5136f55,audio/9955c5136f55.mp3,14544,PASS,PENDING,,Biorę dziecko za rękę.
4,chcieć,vp-p-chciec-desire-genitive-desired-object-3795edef70ef,vp-e-chciec-desire-genitive-desired-object-primary-49fd7619bf2b,Chcę pomocy od brata.,Chcę pomocy od brata.,b301590bc85f,audio/b301590bc85f.mp3,14112,PASS,PENDING,,Chcę pomocy od brata.
5,chcieć,vp-p-chciec-desire-infinitive-own-action-234cdb2e7709,vp-e-chciec-desire-infinitive-own-action-primary-1be86080d1b0,Chcę zwiedzić Kraków.,Chcę zwiedzić Kraków.,94037521da33,audio/94037521da33.mp3,14544,PASS,PENDING,,Chcę zwiedzić Kraków.
6,chcieć,vp-p-chciec-desire-zeby-desired-event-183bf9b2613e,vp-e-chciec-desire-zeby-desired-event-primary-04ef6f87d790,"Chcę, żeby dzieci były szczęśliwe.","Chcę, żeby dzieci były szczęśliwe.",9ef34e96258a,audio/9ef34e96258a.mp3,19152,PASS,PENDING,,"Chcę, żeby dzieci były szczęśliwe."
7,chcieć,vp-p-chciec-polite-request-or-intention-accusative-requested-object-6a4fbf979402,vp-e-chciec-polite-request-or-intention-accusative-requested-object-primary-164f3400a39c,Chciałbym herbatę.,Chciałbym herbatę.,b7d52690f88d,audio/b7d52690f88d.mp3,13536,PASS,PENDING,,Chciałbym herbatę.
8,chcieć,vp-p-chciec-polite-request-or-intention-infinitive-intended-action-fcdee1b775e3,vp-e-chciec-polite-request-or-intention-infinitive-intended-action-primary-c97875fb3bd4,Chciałbym zapytać o rezerwację.,Chciałbym zapytać o rezerwację.,5b085cefeab5,audio/5b085cefeab5.mp3,16992,PASS,PENDING,,Chciałbym zapytać o rezerwację.
9,chcieć,vp-p-chciec-polite-request-or-intention-zeby-requested-event-ec431e979211,vp-e-chciec-polite-request-or-intention-zeby-requested-event-primary-82f77e350ad7,"Chciałbym, żebyś do mnie zadzwonił.","Chciałbym, żebyś do mnie zadzwonił.",87d9b2abe332,audio/87d9b2abe332.mp3,18720,PASS,PENDING,,"Chciałbym, żebyś do mnie zadzwonił."
10,chodzić,vp-p-chodzic-regular-attendance-na-accusative-activity-a2bba146a846,vp-e-chodzic-regular-attendance-na-accusative-activity-primary-87dbb78a6e42,Chodzę na kurs polskiego.,Chodzę na kurs polskiego.,11c4cda995e7,audio/11c4cda995e7.mp3,14688,PASS,PENDING,,Chodzę na kurs polskiego.
11,chodzić,vp-p-chodzic-regular-on-foot-motion-do-genitive-destination-f4b1e09567e6,vp-e-chodzic-regular-on-foot-motion-do-genitive-destination-primary-f103e8c5c3b6,Chodzę do biblioteki.,Chodzę do biblioteki.,b04cc8c764b1,audio/b04cc8c764b1.mp3,13680,PASS,PENDING,,Chodzę do biblioteki.
12,chodzić,vp-p-chodzic-regular-on-foot-motion-infinitive-purpose-195e7497d1ee,vp-e-chodzic-regular-on-foot-motion-infinitive-purpose-primary-e6e2fb640d59,Chodzę pływać.,Chodzę pływać.,d5ba5b7f2400,audio/d5ba5b7f2400.mp3,11952,PASS,PENDING,,Chodzę pływać.
13,cieszyć się,vp-p-cieszyc-sie-experiencing-joy-instrumental-nominal-cause-6b3167a802aa,vp-e-cieszyc-sie-experiencing-joy-instrumental-nominal-cause-primary-075885851bec,Cieszę się zaufaniem zespołu.,Cieszę się zaufaniem zespołu.,11707a4764e6,audio/11707a4764e6.mp3,15408,PASS,PENDING,,Cieszę się zaufaniem zespołu.
14,cieszyć się,vp-p-cieszyc-sie-experiencing-joy-na-accusative-anticipated-occasion-89710bd0cab1,vp-e-cieszyc-sie-experiencing-joy-na-accusative-anticipated-occasion-primary-fd1d3675d29c,Cieszę się na wakacje.,Cieszę się na wakacje.,04bd81bed4ff,audio/04bd81bed4ff.mp3,13536,PASS,PENDING,,Cieszę się na wakacje.
15,cieszyć się,vp-p-cieszyc-sie-experiencing-joy-z-genitive-realized-cause-aedbc2323fcb,vp-e-cieszyc-sie-experiencing-joy-z-genitive-realized-cause-primary-14a6b32b4afa,Cieszę się z twojego sukcesu.,Cieszę się z twojego sukcesu.,3deb1c213942,audio/3deb1c213942.mp3,15552,PASS,PENDING,,Cieszę się z twojego sukcesu.
16,cieszyć się,vp-p-cieszyc-sie-experiencing-joy-ze-propositional-cause-fb321d1b6833,vp-e-cieszyc-sie-experiencing-joy-ze-propositional-cause-primary-01ff92103508,"Cieszę się, że przyjechałeś.","Cieszę się, że przyjechałeś.",4714c1af24d9,audio/4714c1af24d9.mp3,17136,PASS,PENDING,,"Cieszę się, że przyjechałeś."
17,czytać,vp-p-czytac-reading-written-content-accusative-content-optional-listener-fc6b612c7c89,vp-e-czytac-reading-written-content-accusative-content-optional-listener-primary-94c77063ff2c,Czytam dzieciom książkę.,Czytam dzieciom książkę.,c8fce39f7338,audio/c8fce39f7338.mp3,14112,PASS,PENDING,,Czytam dzieciom książkę.
18,czytać,vp-p-czytac-reading-written-content-direct-speech-content-6226c1dda07f,vp-e-czytac-reading-written-content-direct-speech-content-primary-34053ab5e20a,Czytam dzieciom: „Ala ma kota”.,Czytam dzieciom: „Ala ma kota”.,21deeea36483,audio/21deeea36483.mp3,18288,PASS,PENDING,,Czytam dzieciom: „Ala ma kota”.
19,czytać,vp-p-czytac-reading-written-content-interrogative-content-clause-87b9c3cf09bd,vp-e-czytac-reading-written-content-interrogative-content-clause-primary-484bdb32464b,"Czytam, dlaczego ceny rosną.","Czytam, dlaczego ceny rosną.",23380fbc140d,audio/23380fbc140d.mp3,18000,PASS,PENDING,,"Czytam, dlaczego ceny rosną."
20,czytać,vp-p-czytac-reading-written-content-o-locative-topic-a1638b5270c0,vp-e-czytac-reading-written-content-o-locative-topic-primary-2217efee8a91,Czytam o polityce.,Czytam o polityce.,11b422e81ce4,audio/11b422e81ce4.mp3,13680,PASS,PENDING,,Czytam o polityce.
21,czytać,vp-p-czytac-reading-written-content-ze-content-clause-11828549b93c,vp-e-czytac-reading-written-content-ze-content-clause-primary-ef8cac5e7709,"Czytam, że ceny rosną.","Czytam, że ceny rosną.",fab62435d12f,audio/fab62435d12f.mp3,16272,PASS,PENDING,,"Czytam, że ceny rosną."
22,dać,vp-p-dac-completed-transfer-to-recipient-accusative-thing-dative-recipient-b215f2e0cea0,vp-e-dac-completed-transfer-to-recipient-accusative-thing-dative-recipient-primary-719775acbe49,Dałem sąsiadowi klucze.,Dałem sąsiadowi klucze.,a133ead35f55,audio/a133ead35f55.mp3,15120,PASS,PENDING,,Dałem sąsiadowi klucze.
23,dawać,vp-p-dawac-transfer-to-recipient-accusative-thing-dative-recipient-4e7115ab3b85,vp-e-dawac-transfer-to-recipient-accusative-thing-dative-recipient-primary-0607ae878374,Daję sąsiadowi klucze.,Daję sąsiadowi klucze.,4144cf3a88f6,audio/4144cf3a88f6.mp3,14688,PASS,PENDING,,Daję sąsiadowi klucze.
24,dojechać,vp-p-dojechac-transport-endpoint-arrival-do-genitive-endpoint-ecef47297665,vp-e-dojechac-transport-endpoint-arrival-do-genitive-endpoint-primary-036ab9765b28,Dojedziemy do hotelu.,Dojedziemy do hotelu.,c1a58702404f,audio/c1a58702404f.mp3,13536,PASS,PENDING,,Dojedziemy do hotelu.
25,dojechać,vp-p-dojechac-transport-endpoint-arrival-instrumental-vehicle-4b60dab3d102,vp-e-dojechac-transport-endpoint-arrival-instrumental-vehicle-primary-cd5ed5bb33c6,Dojadę pociągiem.,Dojadę pociągiem.,093ec34565c3,audio/093ec34565c3.mp3,13248,PASS,PENDING,,Dojadę pociągiem.
26,dojechać,vp-p-dojechac-transport-endpoint-arrival-na-accusative-endpoint-365c720ffd8b,vp-e-dojechac-transport-endpoint-arrival-na-accusative-endpoint-primary-f93ab7dc7c95,Dojedziemy na stację.,Dojedziemy na stację.,c08710b2f3cf,audio/c08710b2f3cf.mp3,13824,PASS,PENDING,,Dojedziemy na stację.
27,dojechać,vp-p-dojechac-transport-endpoint-arrival-na-locative-equipment-06893dc5e42e,vp-e-dojechac-transport-endpoint-arrival-na-locative-equipment-primary-d2401289ae56,Dojedziemy na rowerach.,Dojedziemy na rowerach.,d543bc006fa8,audio/d543bc006fa8.mp3,13680,PASS,PENDING,,Dojedziemy na rowerach.
28,dojść,vp-p-dojsc-abstract-conclusion-do-genitive-result-d3070d27068c,vp-e-dojsc-abstract-conclusion-do-genitive-result-primary-56dc8949173e,Doszliśmy do wniosku.,Doszliśmy do wniosku.,0b97e1c1967a,audio/0b97e1c1967a.mp3,13824,PASS,PENDING,,Doszliśmy do wniosku.
29,dzwonić,vp-p-dzwonic-telephone-contact-do-genitive-call-target-d2309de4431a,vp-e-dzwonic-telephone-contact-do-genitive-call-target-primary-a5e451a71983,Dzwonię do mamy.,Dzwonię do mamy.,8fb4d3789b66,audio/8fb4d3789b66.mp3,12384,PASS,PENDING,,Dzwonię do mamy.
30,dzwonić,vp-p-dzwonic-telephone-contact-na-accusative-call-target-0ae19ad592ad,vp-e-dzwonic-telephone-contact-na-accusative-call-target-primary-d13073f9bed2,Dzwonię na policję.,Dzwonię na policję.,76b537b20503,audio/76b537b20503.mp3,13392,PASS,PENDING,,Dzwonię na policję.
31,dzwonić,vp-p-dzwonic-telephone-contact-ze-reported-content-clause-6ea196f24a13,vp-e-dzwonic-telephone-contact-ze-reported-content-clause-primary-9209229ceaf5,"Dzwonię, że się spóźnię.","Dzwonię, że się spóźnię.",057b6fb7e09d,audio/057b6fb7e09d.mp3,16704,PASS,PENDING,,"Dzwonię, że się spóźnię."
32,dzwonić,vp-p-dzwonic-telephone-contact-zeby-requested-content-clause-360a70685311,vp-e-dzwonic-telephone-contact-zeby-requested-content-clause-primary-8bbf007e3208,"Dzwonię, żebyś odebrał paczkę.","Dzwonię, żebyś odebrał paczkę.",f30200191d71,audio/f30200191d71.mp3,18576,PASS,PENDING,,"Dzwonię, żebyś odebrał paczkę."
33,gotować,vp-p-gotowac-meal-preparation-accusative-dish-dative-beneficiary-b32989555f49,vp-e-gotowac-meal-preparation-accusative-dish-dative-beneficiary-primary-858c941a9b26,Gotuję obiad mojej mamie.,Gotuję obiad mojej mamie.,fd4902354994,audio/fd4902354994.mp3,15264,PASS,PENDING,,Gotuję obiad mojej mamie.
34,iść,vp-p-isc-directed-on-foot-motion-infinitive-purpose-754c7f868226,vp-e-isc-directed-on-foot-motion-infinitive-purpose-primary-ca4502decaa8,Idę kupić chleb.,Idę kupić chleb.,6ef40296fd5b,audio/6ef40296fd5b.mp3,12672,PASS,PENDING,,Idę kupić chleb.
35,iść,vp-p-isc-directed-on-foot-motion-na-accusative-destination-dc13ba1c603c,vp-e-isc-directed-on-foot-motion-na-accusative-destination-primary-363050fea4ea,Idę na basen.,Idę na basen.,ab8c5faeed0d,audio/ab8c5faeed0d.mp3,12096,PASS,PENDING,,Idę na basen.
36,jechać,vp-p-jechac-directed-transport-travel-do-genitive-destination-1c8370c75b81,vp-e-jechac-directed-transport-travel-do-genitive-destination-primary-606084db91a7,Jadę do Gdańska.,Jadę do Gdańska.,5a01f4fb05af,audio/5a01f4fb05af.mp3,13536,PASS,PENDING,,Jadę do Gdańska.
37,jechać,vp-p-jechac-directed-transport-travel-instrumental-vehicle-8b5a4541aab0,vp-e-jechac-directed-transport-travel-instrumental-vehicle-primary-b9abe680770c,Jadę autobusem.,Jadę autobusem.,2d146d29e71a,audio/2d146d29e71a.mp3,13392,PASS,PENDING,,Jadę autobusem.
38,jechać,vp-p-jechac-directed-transport-travel-na-locative-equipment-88ad01d95fed,vp-e-jechac-directed-transport-travel-na-locative-equipment-primary-41a7cc50e4ab,Jadę na rowerze.,Jadę na rowerze.,3de26703beef,audio/3de26703beef.mp3,12672,PASS,PENDING,,Jadę na rowerze.
39,jeść,vp-p-jesc-food-consumption-accusative-food-instrumental-implement-5b86d393b969,vp-e-jesc-food-consumption-accusative-food-instrumental-implement-primary-1943118ab7bc,Dziecko je zupę łyżką.,Dziecko je zupę łyżką.,3e3078aaafef,audio/3e3078aaafef.mp3,14976,PASS,PENDING,,Dziecko je zupę łyżką.
40,jeździć,vp-p-jezdzic-habitual-transport-travel-do-genitive-destination-f24ed51ba286,vp-e-jezdzic-habitual-transport-travel-do-genitive-destination-primary-37375e399bca,Jeżdżę do Gdyni.,Jeżdżę do Gdyni.,b2b65b728f8e,audio/b2b65b728f8e.mp3,12672,PASS,PENDING,,Jeżdżę do Gdyni.
41,jeździć,vp-p-jezdzic-habitual-transport-travel-instrumental-vehicle-c97f8b3c593b,vp-e-jezdzic-habitual-transport-travel-instrumental-vehicle-primary-31bd7ac9d066,Jeżdżę tramwajem.,Jeżdżę tramwajem.,f8ee0887e0b0,audio/f8ee0887e0b0.mp3,13392,PASS,PENDING,,Jeżdżę tramwajem.
42,jeździć,vp-p-jezdzic-habitual-transport-travel-na-locative-equipment-36786ae0bfad,vp-e-jezdzic-habitual-transport-travel-na-locative-equipment-primary-e2605d5fdde7,Jeżdżę na nartach.,Jeżdżę na nartach.,93e0c386d595,audio/93e0c386d595.mp3,13248,PASS,PENDING,,Jeżdżę na nartach.
43,kłócić się,vp-p-klocic-sie-interpersonal-quarrelling-interrogative-disputed-content-f491d9e2e3a0,vp-e-klocic-sie-interpersonal-quarrelling-interrogative-disputed-content-primary-cac7215b080e,"Kłócimy się, czy powinniśmy wyjechać.","Kłócimy się, czy powinniśmy wyjechać.",a8379ed88ca5,audio/a8379ed88ca5.mp3,19440,PASS,PENDING,,"Kłócimy się, czy powinniśmy wyjechać."
44,kłócić się,vp-p-klocic-sie-interpersonal-quarrelling-o-accusative-topic-a4ea8c9274d1,vp-e-klocic-sie-interpersonal-quarrelling-o-accusative-topic-primary-98e0526f2dad,Kłócimy się o drobiazgi.,Kłócimy się o drobiazgi.,87601020e134,audio/87601020e134.mp3,14688,PASS,PENDING,,Kłócimy się o drobiazgi.
45,kłócić się,vp-p-klocic-sie-interpersonal-quarrelling-z-instrumental-interlocutor-41ea4095f880,vp-e-klocic-sie-interpersonal-quarrelling-z-instrumental-interlocutor-primary-c6307172287a,Kłócę się z bratem.,Kłócę się z bratem.,966ff0477baf,audio/966ff0477baf.mp3,13248,PASS,PENDING,,Kłócę się z bratem.
46,kłócić się,vp-p-klocic-sie-interpersonal-quarrelling-ze-content-clause-d38a95fb5d4f,vp-e-klocic-sie-interpersonal-quarrelling-ze-content-clause-primary-ce557e9591b6,"Kłócimy się, że nikt nie sprząta.","Kłócimy się, że nikt nie sprząta.",9848a2b4dc84,audio/9848a2b4dc84.mp3,18864,PASS,PENDING,,"Kłócimy się, że nikt nie sprząta."
47,kochać,vp-p-kochac-idea-or-place-attachment-accusative-cherished-idea-or-place-2c2609c5a594,vp-e-kochac-idea-or-place-attachment-accusative-cherished-idea-or-place-primary-18477c904f8a,Kocham swoje rodzinne miasto.,Kocham swoje rodzinne miasto.,cd9a0160998a,audio/cd9a0160998a.mp3,16128,PASS,PENDING,,Kocham swoje rodzinne miasto.
48,kochać,vp-p-kochac-person-love-accusative-loved-person-7c04963d1f20,vp-e-kochac-person-love-accusative-loved-person-primary-957e7cb3525a,Bardzo kocham swoją babcię.,Bardzo kocham swoją babcię.,d3395ce2eade,audio/d3395ce2eade.mp3,15696,PASS,PENDING,,Bardzo kocham swoją babcię.
49,kochać,vp-p-kochac-strong-liking-accusative-strongly-liked-thing-1d94dc42f06c,vp-e-kochac-strong-liking-accusative-strongly-liked-thing-primary-4b0e60ac5d8c,Moja siostra kocha czekoladę.,Moja siostra kocha czekoladę.,decd88f47e8c,audio/decd88f47e8c.mp3,15696,PASS,PENDING,,Moja siostra kocha czekoladę.
50,kochać,vp-p-kochac-strong-liking-infinitive-strongly-liked-activity-b0293aa54d72,vp-e-kochac-strong-liking-infinitive-strongly-liked-activity-primary-c733662da394,Dzieci kochają biegać po plaży.,Dzieci kochają biegać po plaży.,5aa059de6ad2,audio/5aa059de6ad2.mp3,16416,PASS,PENDING,,Dzieci kochają biegać po plaży.
51,kończyć,vp-p-konczyc-activity-completion-accusative-task-8de4c064e4d0,vp-e-konczyc-activity-completion-accusative-task-primary-18c8a3d2975d,Kończę pracę.,Kończę pracę.,8b19ac00de55,audio/8b19ac00de55.mp3,12096,PASS,PENDING,,Kończę pracę.
52,kończyć,vp-p-konczyc-activity-completion-infinitive-b729a1f633f2,vp-e-konczyc-activity-completion-infinitive-primary-acdb53af9f85,Kończę czytać książkę.,Kończę czytać książkę.,3cfc7433c9bd,audio/3cfc7433c9bd.mp3,14544,PASS,PENDING,,Kończę czytać książkę.
53,korzystać,vp-p-korzystac-benefit-from-advantage-z-genitive-source-of-benefit-3ed1d40fee1b,vp-e-korzystac-benefit-from-advantage-z-genitive-source-of-benefit-primary-edc2b4e6fec6,Studenci chętnie korzystają ze zniżek studenckich.,Studenci chętnie korzystają ze zniżek studenckich.,068a5a439252,audio/068a5a439252.mp3,21888,PASS,PENDING,,Studenci chętnie korzystają ze zniżek studenckich.
54,korzystać,vp-p-korzystac-resource-use-z-genitive-used-resource-b20e558e1cc5,vp-e-korzystac-resource-use-z-genitive-used-resource-primary-5e968a0b5228,Codziennie korzystam z komunikacji miejskiej.,Codziennie korzystam z komunikacji miejskiej.,1e72309024e1,audio/1e72309024e1.mp3,19584,PASS,PENDING,,Codziennie korzystam z komunikacji miejskiej.
55,kupić,vp-p-kupic-completed-purchase-seller-price-schema-7b9a8b90790d,vp-e-kupic-completed-purchase-seller-price-schema-primary-e19c854b7ef0,Kupię chleb od piekarza za pięć złotych.,Kupię chleb od piekarza za pięć złotych.,2f09d514256b,audio/2f09d514256b.mp3,19872,PASS,PENDING,,Kupię chleb od piekarza za pięć złotych.
56,kupować,vp-p-kupowac-process-purchase-dative-beneficiary-schema-36249b76d19e,vp-e-kupowac-process-purchase-dative-beneficiary-schema-primary-b8314fbe9ae8,Kupuję dzieciom zabawki.,Kupuję dzieciom zabawki.,aba503da5aa6,audio/aba503da5aa6.mp3,14976,PASS,PENDING,,Kupuję dzieciom zabawki.
57,kupować,vp-p-kupowac-process-purchase-dla-beneficiary-schema-9a60bb2ae949,vp-e-kupowac-process-purchase-dla-beneficiary-schema-primary-51238d348e65,Kupuję zabawki dla dzieci.,Kupuję zabawki dla dzieci.,cd9d66232c05,audio/cd9d66232c05.mp3,15408,PASS,PENDING,,Kupuję zabawki dla dzieci.
58,kupować,vp-p-kupowac-process-purchase-seller-price-schema-a0eeafb1f2aa,vp-e-kupowac-process-purchase-seller-price-schema-primary-8c41bd5ab9e1,Kupuję warzywa od rolnika za dziesięć złotych.,Kupuję warzywa od rolnika za dziesięć złotych.,f6c377e1814f,audio/f6c377e1814f.mp3,21168,PASS,PENDING,,Kupuję warzywa od rolnika za dziesięć złotych.
59,martwić się,vp-p-martwic-sie-worry-concern-instrumental-worry-cause-8c1de1d4ecd8,vp-e-martwic-sie-worry-concern-instrumental-worry-cause-primary-f5f886d69663,Martwię się twoim zdrowiem.,Martwię się twoim zdrowiem.,de7960dec234,audio/de7960dec234.mp3,15408,PASS,PENDING,,Martwię się twoim zdrowiem.
60,martwić się,vp-p-martwic-sie-worry-concern-interrogative-worry-content-815ae5fc17d2,vp-e-martwic-sie-worry-concern-interrogative-worry-content-primary-a0a0af7fa00e,"Martwię się, jak sobie poradzimy.","Martwię się, jak sobie poradzimy.",9817533abed5,audio/9817533abed5.mp3,18864,PASS,PENDING,,"Martwię się, jak sobie poradzimy."
61,martwić się,vp-p-martwic-sie-worry-concern-o-accusative-concern-object-b7216564fc00,vp-e-martwic-sie-worry-concern-o-accusative-concern-object-primary-2f9e0179379e,Martwię się o egzamin.,Martwię się o egzamin.,d8bef8993e4b,audio/d8bef8993e4b.mp3,14688,PASS,PENDING,,Martwię się o egzamin.
62,martwić się,vp-p-martwic-sie-worry-concern-ze-worry-proposition-c0f15eecb7d7,vp-e-martwic-sie-worry-concern-ze-worry-proposition-primary-ee89ad62dc74,"Martwię się, że się spóźnimy.","Martwię się, że się spóźnimy.",40793df42111,audio/40793df42111.mp3,17712,PASS,PENDING,,"Martwię się, że się spóźnimy."
63,mieszkać,vp-p-mieszkac-long-term-residence-w-locative-residence-optional-co-resident-c110c6ab2579,vp-e-mieszkac-long-term-residence-w-locative-residence-optional-co-resident-primary-f0c16b6019ba,Mieszkam w Warszawie z bratem.,Mieszkam w Warszawie z bratem.,2d34772993cd,audio/2d34772993cd.mp3,16992,PASS,PENDING,,Mieszkam w Warszawie z bratem.
64,móc,vp-p-moc-ability-possibility-infinitive-possible-action-84e8b6ee11e4,vp-e-moc-ability-possibility-infinitive-possible-action-primary-85312aaf9318,Mogę podnieść tę walizkę.,Mogę podnieść tę walizkę.,81c5a8ecc879,audio/81c5a8ecc879.mp3,15408,PASS,PENDING,,Mogę podnieść tę walizkę.
65,móc,vp-p-moc-permission-infinitive-permitted-action-b8a9116140d4,vp-e-moc-permission-infinitive-permitted-action-primary-f6d69896eddf,Czy mogę otworzyć okno?,Czy mogę otworzyć okno?,f09318502577,audio/f09318502577.mp3,14544,PASS,PENDING,,Czy mogę otworzyć okno?
66,musieć,vp-p-musiec-necessity-obligation-infinitive-required-action-722332298e98,vp-e-musiec-necessity-obligation-infinitive-required-action-primary-014dfa786c80,Muszę dziś iść do lekarza.,Muszę dziś iść do lekarza.,c55a23061791,audio/c55a23061791.mp3,15120,PASS,PENDING,,Muszę dziś iść do lekarza.
67,należeć,vp-p-nalezec-organization-membership-do-genitive-organization-0916d413dd02,vp-e-nalezec-organization-membership-do-genitive-organization-primary-e70e59d05235,Należę do klubu sportowego.,Należę do klubu sportowego.,c2fdb5c1b3f6,audio/c2fdb5c1b3f6.mp3,16128,PASS,PENDING,,Należę do klubu sportowego.
68,należeć,vp-p-nalezec-ownership-do-genitive-owner-e9d0d98f7018,vp-e-nalezec-ownership-do-genitive-owner-primary-d313d04ecc2e,Ten dom należy do sąsiadki.,Ten dom należy do sąsiadki.,a9443da0e00c,audio/a9443da0e00c.mp3,16416,PASS,PENDING,,Ten dom należy do sąsiadki.
69,napisać,vp-p-napisac-completed-text-creation-accusative-created-text-b3a4842c18b1,vp-e-napisac-completed-text-creation-accusative-created-text-primary-3d56f9ec9062,Napisałem powieść.,Napisałem powieść.,138c5fdea448,audio/138c5fdea448.mp3,13968,PASS,PENDING,,Napisałem powieść.
70,napisać,vp-p-napisac-completed-written-correspondence-dative-accusative-content-0099f1f5d08c,vp-e-napisac-completed-written-correspondence-dative-accusative-content-primary-d237a1c062c1,Napisałem koledze wiadomość.,Napisałem koledze wiadomość.,48eaf661eb95,audio/48eaf661eb95.mp3,16272,PASS,PENDING,,Napisałem koledze wiadomość.
71,napisać,vp-p-napisac-completed-written-correspondence-dative-direct-speech-459bcb5ef942,vp-e-napisac-completed-written-correspondence-dative-direct-speech-primary-e079442a1e74,Napisałem koledze: „Wracam jutro”.,Napisałem koledze: „Wracam jutro”.,41285fe7ee96,audio/41285fe7ee96.mp3,20736,PASS,PENDING,,Napisałem koledze: „Wracam jutro”.
72,napisać,vp-p-napisac-completed-written-correspondence-dative-interrogative-clause-30c2fb672660,vp-e-napisac-completed-written-correspondence-dative-interrogative-clause-primary-7ef646a6ee37,"Napisałem koledze, o której wrócę.","Napisałem koledze, o której wrócę.",b05d84608195,audio/b05d84608195.mp3,19152,PASS,PENDING,,"Napisałem koledze, o której wrócę."
73,napisać,vp-p-napisac-completed-written-correspondence-dative-topic-7f32c62f76d8,vp-e-napisac-completed-written-correspondence-dative-topic-primary-bca90f7d1ab9,Napisałem koledze o wakacjach.,Napisałem koledze o wakacjach.,68dfa5801107,audio/68dfa5801107.mp3,16992,PASS,PENDING,,Napisałem koledze o wakacjach.
74,napisać,vp-p-napisac-completed-written-correspondence-dative-ze-clause-3d0dc0008a01,vp-e-napisac-completed-written-correspondence-dative-ze-clause-primary-08e84f861744,"Napisałem koledze, że wrócę jutro.","Napisałem koledze, że wrócę jutro.",485aa2820de7,audio/485aa2820de7.mp3,20016,PASS,PENDING,,"Napisałem koledze, że wrócę jutro."
75,napisać,vp-p-napisac-completed-written-correspondence-dative-zeby-clause-252806ca0b80,vp-e-napisac-completed-written-correspondence-dative-zeby-clause-primary-7687c86bff87,"Napisałem koledze, żeby zadzwonił.","Napisałem koledze, żeby zadzwonił.",b0b33b4669ee,audio/b0b33b4669ee.mp3,19440,PASS,PENDING,,"Napisałem koledze, żeby zadzwonił."
76,napisać,vp-p-napisac-completed-written-correspondence-do-genitive-accusative-content-c37a0dbb9619,vp-e-napisac-completed-written-correspondence-do-genitive-accusative-content-primary-68138fe88bcb,Napisałem do koleżanki wiadomość.,Napisałem do koleżanki wiadomość.,c975894d4742,audio/c975894d4742.mp3,17568,PASS,PENDING,,Napisałem do koleżanki wiadomość.
77,napisać,vp-p-napisac-completed-written-correspondence-do-genitive-direct-speech-6fd40016514e,vp-e-napisac-completed-written-correspondence-do-genitive-direct-speech-primary-6dd5f6482ef7,Napisałem do koleżanki: „Wracam jutro”.,Napisałem do koleżanki: „Wracam jutro”.,399b2398f8f9,audio/399b2398f8f9.mp3,22608,PASS,PENDING,,Napisałem do koleżanki: „Wracam jutro”.
78,napisać,vp-p-napisac-completed-written-correspondence-do-genitive-interrogative-clause-7ca526317b3b,vp-e-napisac-completed-written-correspondence-do-genitive-interrogative-clause-primary-6afec32d313d,"Napisałem do koleżanki, o której wrócę.","Napisałem do koleżanki, o której wrócę.",78cf114f0fcc,audio/78cf114f0fcc.mp3,20736,PASS,PENDING,,"Napisałem do koleżanki, o której wrócę."
79,napisać,vp-p-napisac-completed-written-correspondence-do-genitive-topic-f0c0592d836d,vp-e-napisac-completed-written-correspondence-do-genitive-topic-primary-1c0954a964cc,Napisałem do koleżanki o wakacjach.,Napisałem do koleżanki o wakacjach.,6dedf61c1d3c,audio/6dedf61c1d3c.mp3,18432,PASS,PENDING,,Napisałem do koleżanki o wakacjach.
80,napisać,vp-p-napisac-completed-written-correspondence-do-genitive-ze-clause-af39109457d0,vp-e-napisac-completed-written-correspondence-do-genitive-ze-clause-primary-0788d2fcf1d8,"Napisałem do koleżanki, że wracam jutro.","Napisałem do koleżanki, że wracam jutro.",ea77343a565a,audio/ea77343a565a.mp3,21456,PASS,PENDING,,"Napisałem do koleżanki, że wracam jutro."
81,napisać,vp-p-napisac-completed-written-correspondence-do-genitive-zeby-clause-0306b3230fca,vp-e-napisac-completed-written-correspondence-do-genitive-zeby-clause-primary-05e157545e25,"Napisałem do koleżanki, żeby zadzwoniła.","Napisałem do koleżanki, żeby zadzwoniła.",e60499ab39c3,audio/e60499ab39c3.mp3,21312,PASS,PENDING,,"Napisałem do koleżanki, żeby zadzwoniła."
82,obejrzeć,vp-p-obejrzec-completed-viewing-accusative-content-aeda23b2f63c,vp-e-obejrzec-completed-viewing-accusative-content-primary-290834eba017,Obejrzałem ten film.,Obejrzałem ten film.,f1edc140dd9c,audio/f1edc140dd9c.mp3,13824,PASS,PENDING,,Obejrzałem ten film.
83,odpowiadać,vp-p-odpowiadac-answering-by-speech-direct-speech-983e867c49bb,vp-e-odpowiadac-answering-by-speech-direct-speech-primary-bac441c003d5,Odpowiadam: „Nie wiem”.,Odpowiadam: „Nie wiem”.,0329b14c8894,audio/0329b14c8894.mp3,16848,PASS,PENDING,,Odpowiadam: „Nie wiem”.
84,odpowiadać,vp-p-odpowiadac-answering-by-speech-na-accusative-question-7c5c3cafb0df,vp-e-odpowiadac-answering-by-speech-na-accusative-question-primary-7d9888b56055,Odpowiadam na pytanie.,Odpowiadam na pytanie.,b5079f0a3540,audio/b5079f0a3540.mp3,14112,PASS,PENDING,,Odpowiadam na pytanie.
85,odpowiadać,vp-p-odpowiadac-answering-by-speech-ze-content-clause-e379b52ec7f5,vp-e-odpowiadac-answering-by-speech-ze-content-clause-primary-2e9d2ced76a3,"Odpowiadam, że nie wiem.","Odpowiadam, że nie wiem.",a592f1bcbc07,audio/a592f1bcbc07.mp3,16128,PASS,PENDING,,"Odpowiadam, że nie wiem."
86,oglądać,vp-p-ogladac-processual-viewing-accusative-content-optional-presentation-context-b1b025b7aab4,vp-e-ogladac-processual-viewing-accusative-content-optional-presentation-context-primary-5c7f69c542b6,Oglądam ją w nowym serialu.,Oglądam ją w nowym serialu.,e449d196a5f1,audio/e449d196a5f1.mp3,16848,PASS,PENDING,,Oglądam ją w nowym serialu.
87,pamiętać,vp-p-pamietac-obligation-reminder-infinitive-obligation-5f801f7d689b,vp-e-pamietac-obligation-reminder-infinitive-obligation-primary-312febbd1f77,Pamiętaj zamknąć drzwi.,Pamiętaj zamknąć drzwi.,89c3a5bcaa7a,audio/89c3a5bcaa7a.mp3,15552,PASS,PENDING,,Pamiętaj zamknąć drzwi.
88,pamiętać,vp-p-pamietac-obligation-reminder-zeby-clause-obligation-3a6fe1894b6b,vp-e-pamietac-obligation-reminder-zeby-clause-obligation-primary-0f0f35e05a41,"Pamiętaj, żeby dzieci umyły ręce.","Pamiętaj, żeby dzieci umyły ręce.",97da6778ed1f,audio/97da6778ed1f.mp3,20016,PASS,PENDING,,"Pamiętaj, żeby dzieci umyły ręce."
89,pamiętać,vp-p-pamietac-recall-retain-accusative-recollection-7589097dce44,vp-e-pamietac-recall-retain-accusative-recollection-primary-e98a89c2b5bc,Pamiętam ten dzień.,Pamiętam ten dzień.,a66c456c5cb7,audio/a66c456c5cb7.mp3,13248,PASS,PENDING,,Pamiętam ten dzień.
90,pamiętać,vp-p-pamietac-recall-retain-o-locative-topic-b01e6e976801,vp-e-pamietac-recall-retain-o-locative-topic-primary-3b40fd027b4b,Pamiętam o twoich urodzinach.,Pamiętam o twoich urodzinach.,a4beac0bf3f3,audio/a4beac0bf3f3.mp3,15984,PASS,PENDING,,Pamiętam o twoich urodzinach.
91,pasować,vp-p-pasowac-appearance-harmony-do-genitive-harmony-target-c78ac7cc9f17,vp-e-pasowac-appearance-harmony-do-genitive-harmony-target-primary-5fadeb720951,Ten krawat pasuje do garnituru.,Ten krawat pasuje do garnituru.,05310f290938,audio/05310f290938.mp3,17280,PASS,PENDING,,Ten krawat pasuje do garnituru.
92,pasować,vp-p-pasowac-expectation-suitability-dative-expectation-holder-3c924b11b623,vp-e-pasowac-expectation-suitability-dative-expectation-holder-primary-56f207f87bba,Ten termin mi nie pasuje.,Ten termin mi nie pasuje.,f8fa28beeb09,audio/f8fa28beeb09.mp3,14544,PASS,PENDING,,Ten termin mi nie pasuje.
93,pasować,vp-p-pasowac-physical-fit-do-genitive-fit-target-06f9aac3fd0e,vp-e-pasowac-physical-fit-do-genitive-fit-target-primary-1a38bef93a17,Ten klucz pasuje do zamka.,Ten klucz pasuje do zamka.,c818b94577ea,audio/c818b94577ea.mp3,15552,PASS,PENDING,,Ten klucz pasuje do zamka.
94,pasować,vp-p-pasowac-physical-fit-na-accusative-fitted-object-ec2976385322,vp-e-pasowac-physical-fit-na-accusative-fitted-object-primary-c91a795657ab,Ten pierścionek pasuje na mój palec.,Ten pierścionek pasuje na mój palec.,9273dea32b6b,audio/9273dea32b6b.mp3,17568,PASS,PENDING,,Ten pierścionek pasuje na mój palec.
95,pasować,vp-p-pasowac-typical-appropriateness-dative-evaluator-do-genitive-reference-85039b03cadc,vp-e-pasowac-typical-appropriateness-dative-evaluator-do-genitive-reference-primary-282c825897bc,Ten kolor mi do ciebie nie pasuje.,Ten kolor mi do ciebie nie pasuje.,c0c69f55ae33,audio/c0c69f55ae33.mp3,15984,PASS,PENDING,,Ten kolor mi do ciebie nie pasuje.
96,pić,vp-p-pic-liquid-consumption-accusative-drink-object-f19916c1708d,vp-e-pic-liquid-consumption-accusative-drink-object-primary-70f812c04cf1,Codziennie rano piję kawę.,Codziennie rano piję kawę.,b61cfb07d402,audio/b61cfb07d402.mp3,15264,PASS,PENDING,,Codziennie rano piję kawę.
97,pisać,vp-p-pisac-text-creation-accusative-created-text-75bc9f61f11d,vp-e-pisac-text-creation-accusative-created-text-primary-172ef282c443,Piszę powieść.,Piszę powieść.,f6a562f50ca5,audio/f6a562f50ca5.mp3,11952,PASS,PENDING,,Piszę powieść.
98,pisać,vp-p-pisac-written-correspondence-dative-accusative-content-8b0ceb7d640d,vp-e-pisac-written-correspondence-dative-accusative-content-primary-809021240c84,Piszę koledze wiadomość.,Piszę koledze wiadomość.,950806ff10e0,audio/950806ff10e0.mp3,14688,PASS,PENDING,,Piszę koledze wiadomość.
99,pisać,vp-p-pisac-written-correspondence-dative-direct-speech-27fa46b780ba,vp-e-pisac-written-correspondence-dative-direct-speech-primary-46272c978920,Piszę koledze: „Wracam jutro”.,Piszę koledze: „Wracam jutro”.,12f57a0ea9da,audio/12f57a0ea9da.mp3,18864,PASS,PENDING,,Piszę koledze: „Wracam jutro”.
100,pisać,vp-p-pisac-written-correspondence-dative-interrogative-clause-31258cccf4b1,vp-e-pisac-written-correspondence-dative-interrogative-clause-primary-056395d9082d,"Piszę koledze, o której wrócę.","Piszę koledze, o której wrócę.",df99d55c652a,audio/df99d55c652a.mp3,17280,PASS,PENDING,,"Piszę koledze, o której wrócę."
101,pisać,vp-p-pisac-written-correspondence-dative-topic-ed0d66deb8a4,vp-e-pisac-written-correspondence-dative-topic-primary-87521098289d,Piszę koledze o wakacjach.,Piszę koledze o wakacjach.,1cc037d1f0ab,audio/1cc037d1f0ab.mp3,15408,PASS,PENDING,,Piszę koledze o wakacjach.
102,pisać,vp-p-pisac-written-correspondence-dative-ze-clause-ce1bdf84fb07,vp-e-pisac-written-correspondence-dative-ze-clause-primary-4f99ba3b91b1,"Piszę koledze, że wracam jutro.","Piszę koledze, że wracam jutro.",ebc12725709a,audio/ebc12725709a.mp3,18288,PASS,PENDING,,"Piszę koledze, że wracam jutro."
103,pisać,vp-p-pisac-written-correspondence-dative-zeby-clause-4eab7f4d5b1f,vp-e-pisac-written-correspondence-dative-zeby-clause-primary-f3075cf52477,"Piszę koledze, żeby zadzwonił.","Piszę koledze, żeby zadzwonił.",c31424445e47,audio/c31424445e47.mp3,17712,PASS,PENDING,,"Piszę koledze, żeby zadzwonił."
104,pisać,vp-p-pisac-written-correspondence-do-genitive-accusative-content-a574850180cf,vp-e-pisac-written-correspondence-do-genitive-accusative-content-primary-110a471b0413,Piszę do koleżanki wiadomość.,Piszę do koleżanki wiadomość.,1c5a5becb1fd,audio/1c5a5becb1fd.mp3,15840,PASS,PENDING,,Piszę do koleżanki wiadomość.
105,pisać,vp-p-pisac-written-correspondence-do-genitive-direct-speech-df60cdb5b6fa,vp-e-pisac-written-correspondence-do-genitive-direct-speech-primary-a9b1e6da7ef8,Piszę do koleżanki: „Wracam jutro”.,Piszę do koleżanki: „Wracam jutro”.,fcb3516bffbd,audio/fcb3516bffbd.mp3,20736,PASS,PENDING,,Piszę do koleżanki: „Wracam jutro”.
106,pisać,vp-p-pisac-written-correspondence-do-genitive-interrogative-clause-03c28a885663,vp-e-pisac-written-correspondence-do-genitive-interrogative-clause-primary-ab900b83db1a,"Piszę do koleżanki, o której wrócę.","Piszę do koleżanki, o której wrócę.",dd4ee3bc610f,audio/dd4ee3bc610f.mp3,19008,PASS,PENDING,,"Piszę do koleżanki, o której wrócę."
107,pisać,vp-p-pisac-written-correspondence-do-genitive-topic-86c7f0832c48,vp-e-pisac-written-correspondence-do-genitive-topic-primary-9771afaedd6b,Piszę do koleżanki o wakacjach.,Piszę do koleżanki o wakacjach.,ef47d526ff99,audio/ef47d526ff99.mp3,16992,PASS,PENDING,,Piszę do koleżanki o wakacjach.
108,pisać,vp-p-pisac-written-correspondence-do-genitive-ze-clause-311cd2822a89,vp-e-pisac-written-correspondence-do-genitive-ze-clause-primary-e1895e6e8b31,"Piszę do koleżanki, że wracam jutro.","Piszę do koleżanki, że wracam jutro.",c31da85c044b,audio/c31da85c044b.mp3,19872,PASS,PENDING,,"Piszę do koleżanki, że wracam jutro."
109,pisać,vp-p-pisac-written-correspondence-do-genitive-zeby-clause-efabd3f8a85e,vp-e-pisac-written-correspondence-do-genitive-zeby-clause-primary-49363a232928,"Piszę do koleżanki, żeby zadzwoniła.","Piszę do koleżanki, żeby zadzwoniła.",8407402869bf,audio/8407402869bf.mp3,19728,PASS,PENDING,,"Piszę do koleżanki, żeby zadzwoniła."
110,pokazywać,vp-p-pokazywac-directing-attention-to-content-dative-recipient-accusative-thing-d13c3b1fb811,vp-e-pokazywac-directing-attention-to-content-dative-recipient-accusative-thing-primary-91dadc8c6f6f,Pokazuję dzieciom zdjęcia.,Pokazuję dzieciom zdjęcia.,da5e6a3da642,audio/da5e6a3da642.mp3,15120,PASS,PENDING,,Pokazuję dzieciom zdjęcia.
111,pokazywać,vp-p-pokazywac-directing-attention-to-content-interrogative-dependent-clause-c02dec952e2d,vp-e-pokazywac-directing-attention-to-content-interrogative-dependent-clause-primary-68d06b6d0fa9,"Pokazuję, jak to zrobić.","Pokazuję, jak to zrobić.",bd6763a597bb,audio/bd6763a597bb.mp3,16992,PASS,PENDING,,"Pokazuję, jak to zrobić."
112,pokazywać,vp-p-pokazywac-directing-attention-to-content-na-accusative-pointing-b648b5126e93,vp-e-pokazywac-directing-attention-to-content-na-accusative-pointing-primary-62bcb86083a7,Pokazuję na mapę.,Pokazuję na mapę.,e031006c7031,audio/e031006c7031.mp3,13248,PASS,PENDING,,Pokazuję na mapę.
113,polecać,vp-p-polecac-directive-instruction-dative-accusative-action-noun-b26c52cb93a2,vp-e-polecac-directive-instruction-dative-accusative-action-noun-primary-05a7080465e5,Trener poleca zawodnikom rozgrzewkę.,Trener poleca zawodnikom rozgrzewkę.,3de1b3160f9a,audio/3de1b3160f9a.mp3,18144,PASS,PENDING,,Trener poleca zawodnikom rozgrzewkę.
114,polecać,vp-p-polecac-directive-instruction-dative-direct-speech-instruction-1e7162e9bc84,vp-e-polecac-directive-instruction-dative-direct-speech-instruction-primary-e4c31c3adf60,Kierownik poleca mi: „Zamknij drzwi”.,Kierownik poleca mi: „Zamknij drzwi”.,0b0ae5676611,audio/0b0ae5676611.mp3,20736,PASS,PENDING,,Kierownik poleca mi: „Zamknij drzwi”.
115,polecać,vp-p-polecac-directive-instruction-dative-infinitive-instruction-994672d7e218,vp-e-polecac-directive-instruction-dative-infinitive-instruction-primary-413ca9a84797,Lekarz poleca mi odpoczywać.,Lekarz poleca mi odpoczywać.,d6243757c891,audio/d6243757c891.mp3,16128,PASS,PENDING,,Lekarz poleca mi odpoczywać.
116,polecać,vp-p-polecac-directive-instruction-dative-zeby-instruction-fc19b3accb72,vp-e-polecac-directive-instruction-dative-zeby-instruction-primary-55556a255ffa,"Szef poleca mi, żebym przygotował raport.","Szef poleca mi, żebym przygotował raport.",b0b8e4ec9eca,audio/b0b8e4ec9eca.mp3,21600,PASS,PENDING,,"Szef poleca mi, żebym przygotował raport."
117,polecać,vp-p-polecac-recommendation-dative-accusative-recommended-item-1ebbe4547419,vp-e-polecac-recommendation-dative-accusative-recommended-item-primary-1818efac8761,Polecam ci tę restaurację.,Polecam ci tę restaurację.,557c6d2de4c5,audio/557c6d2de4c5.mp3,15696,PASS,PENDING,,Polecam ci tę restaurację.
118,powiedzieć,vp-p-powiedziec-spoken-communication-dative-accusative-content-551d5a034af3,vp-e-powiedziec-spoken-communication-dative-accusative-content-primary-22cda2e04dda,Powiedziałem koledze prawdę.,Powiedziałem koledze prawdę.,882b445a558e,audio/882b445a558e.mp3,15264,PASS,PENDING,,Powiedziałem koledze prawdę.
119,powiedzieć,vp-p-powiedziec-spoken-communication-dative-interrogative-clause-99d0f0765dda,vp-e-powiedziec-spoken-communication-dative-interrogative-clause-primary-2ceb3f0989c9,"Powiedziałem koledze, o której wracam.","Powiedziałem koledze, o której wracam.",945a8bd7c9fc,audio/945a8bd7c9fc.mp3,19440,PASS,PENDING,,"Powiedziałem koledze, o której wracam."
120,powiedzieć,vp-p-powiedziec-spoken-communication-dative-o-locative-topic-d23764f9dea9,vp-e-powiedziec-spoken-communication-dative-o-locative-topic-primary-ddd520508ca1,Powiedziałem koledze o problemie.,Powiedziałem koledze o problemie.,cdbc53deb8fa,audio/cdbc53deb8fa.mp3,16272,PASS,PENDING,,Powiedziałem koledze o problemie.
121,powiedzieć,vp-p-powiedziec-spoken-communication-dative-ze-clause-f3c675a3329f,vp-e-powiedziec-spoken-communication-dative-ze-clause-primary-59e0ff8e0eef,"Powiedziałem koledze, że wyjeżdżam.","Powiedziałem koledze, że wyjeżdżam.",3cd4175e754b,audio/3cd4175e754b.mp3,18576,PASS,PENDING,,"Powiedziałem koledze, że wyjeżdżam."
122,powiedzieć,vp-p-powiedziec-spoken-communication-dative-zeby-clause-fb5c236f72b3,vp-e-powiedziec-spoken-communication-dative-zeby-clause-primary-cd69d3e62c86,"Powiedziałem koledze, żeby poczekał.","Powiedziałem koledze, żeby poczekał.",98ee75b71dba,audio/98ee75b71dba.mp3,19008,PASS,PENDING,,"Powiedziałem koledze, żeby poczekał."
123,powiedzieć,vp-p-powiedziec-spoken-communication-direct-speech-content-2e16fee7aa2b,vp-e-powiedziec-spoken-communication-direct-speech-content-primary-6eaeaef599db,Powiedziałem: „Zaraz wracam”.,Powiedziałem: „Zaraz wracam”.,b9cdbbfa3d0b,audio/b9cdbbfa3d0b.mp3,18720,PASS,PENDING,,Powiedziałem: „Zaraz wracam”.
124,powiedzieć,vp-p-powiedziec-spoken-communication-do-genitive-accusative-content-6046b9e0da2c,vp-e-powiedziec-spoken-communication-do-genitive-accusative-content-primary-baab93f646ac,Powiedziałem do koleżanki prawdę.,Powiedziałem do koleżanki prawdę.,170c6d9660e8,audio/170c6d9660e8.mp3,16416,PASS,PENDING,,Powiedziałem do koleżanki prawdę.
125,powiedzieć,vp-p-powiedziec-spoken-communication-do-genitive-interrogative-clause-a363b3e21e3f,vp-e-powiedziec-spoken-communication-do-genitive-interrogative-clause-primary-294a3c1e5473,"Powiedziałem do koleżanki, o której wracam.","Powiedziałem do koleżanki, o której wracam.",fe82f1997fde,audio/fe82f1997fde.mp3,20880,PASS,PENDING,,"Powiedziałem do koleżanki, o której wracam."
126,powiedzieć,vp-p-powiedziec-spoken-communication-do-genitive-o-locative-topic-38205a593dc7,vp-e-powiedziec-spoken-communication-do-genitive-o-locative-topic-primary-1149bb4e3f02,Powiedziałem do koleżanki o problemie.,Powiedziałem do koleżanki o problemie.,47ee41d4d494,audio/47ee41d4d494.mp3,17856,PASS,PENDING,,Powiedziałem do koleżanki o problemie.
127,powiedzieć,vp-p-powiedziec-spoken-communication-do-genitive-ze-clause-6dc3b8d95fc9,vp-e-powiedziec-spoken-communication-do-genitive-ze-clause-primary-f2d90e65f604,"Powiedziałem do koleżanki, że wyjeżdżam.","Powiedziałem do koleżanki, że wyjeżdżam.",63f860263cf1,audio/63f860263cf1.mp3,20304,PASS,PENDING,,"Powiedziałem do koleżanki, że wyjeżdżam."
128,powiedzieć,vp-p-powiedziec-spoken-communication-do-genitive-zeby-clause-e275afbbd864,vp-e-powiedziec-spoken-communication-do-genitive-zeby-clause-primary-98b15d828f82,"Powiedziałem do koleżanki, żeby poczekała.","Powiedziałem do koleżanki, żeby poczekała.",e4f22d7fd504,audio/e4f22d7fd504.mp3,21024,PASS,PENDING,,"Powiedziałem do koleżanki, żeby poczekała."
129,pozwalać,vp-p-pozwalac-human-permission-dative-na-accusative-permission-12ebea73cce4,vp-e-pozwalac-human-permission-dative-na-accusative-permission-primary-c0e1760a202b,Mama pozwala mi na wyjście.,Mama pozwala mi na wyjście.,22fa473ca991,audio/22fa473ca991.mp3,15552,PASS,PENDING,,Mama pozwala mi na wyjście.
130,pozwalać,vp-p-pozwalac-human-permission-dative-zeby-permission-bbb09d3ce8c4,vp-e-pozwalac-human-permission-dative-zeby-permission-primary-6a73d89d1fc3,"Mama pozwala, żeby dzieci oglądały bajki.","Mama pozwala, żeby dzieci oglądały bajki.",3231ac5d48e7,audio/3231ac5d48e7.mp3,21888,PASS,PENDING,,"Mama pozwala, żeby dzieci oglądały bajki."
131,pozwalać,vp-p-pozwalac-human-permission-infinitive-36dc0c1b07e7,vp-e-pozwalac-human-permission-infinitive-primary-1b912d5c8b71,Pozwalam pracować z domu.,Pozwalam pracować z domu.,973f48ae586e,audio/973f48ae586e.mp3,15408,PASS,PENDING,,Pozwalam pracować z domu.
132,pozwalać,vp-p-pozwalac-inanimate-enabling-infinitive-e296a1415c54,vp-e-pozwalac-inanimate-enabling-infinitive-primary-4c2647bace2f,Internet pozwala pracować zdalnie.,Internet pozwala pracować zdalnie.,55a70e3d584d,audio/55a70e3d584d.mp3,18432,PASS,PENDING,,Internet pozwala pracować zdalnie.
133,pozwalać,vp-p-pozwalac-inanimate-enabling-na-accusative-enabling-c2b5b8ad9259,vp-e-pozwalac-inanimate-enabling-na-accusative-enabling-primary-85829b759454,Internet pozwala na szybką komunikację.,Internet pozwala na szybką komunikację.,450d11ef88ac,audio/450d11ef88ac.mp3,20160,PASS,PENDING,,Internet pozwala na szybką komunikację.
134,pozwalać,vp-p-pozwalac-inanimate-enabling-zeby-enabling-cd485a744393,vp-e-pozwalac-inanimate-enabling-zeby-enabling-primary-4497b664ff67,"Prawo pozwala, żeby firmy stosowały ulgi.","Prawo pozwala, żeby firmy stosowały ulgi.",d6ac0051c7ad,audio/d6ac0051c7ad.mp3,22320,PASS,PENDING,,"Prawo pozwala, żeby firmy stosowały ulgi."
135,pracować,vp-p-pracowac-production-creation-nad-instrumental-work-object-dd44b41d494f,vp-e-pracowac-production-creation-nad-instrumental-work-object-primary-f7ece29d07b4,Pracuję nad nowym filmem.,Pracuję nad nowym filmem.,f80cc1d805b1,audio/f80cc1d805b1.mp3,15264,PASS,PENDING,,Pracuję nad nowym filmem.
136,próbować,vp-p-probowac-attempt-action-result-genitive-action-noun-b199e45bd1c6,vp-e-probowac-attempt-action-result-genitive-action-noun-primary-9e0cd1d8e9b4,Próbuję szczęścia.,Próbuję szczęścia.,3eeb11c7ee17,audio/3eeb11c7ee17.mp3,13392,PASS,PENDING,,Próbuję szczęścia.
137,próbować,vp-p-probowac-attempt-action-result-infinitive-e82853ba5807,vp-e-probowac-attempt-action-result-infinitive-primary-95f45f4b27f4,Próbuję rozwiązać problem.,Próbuję rozwiązać problem.,06be7cfeacaa,audio/06be7cfeacaa.mp3,15552,PASS,PENDING,,Próbuję rozwiązać problem.
138,próbować,vp-p-probowac-taste-sample-food-drink-genitive-sampled-object-787189e8ebdd,vp-e-probowac-taste-sample-food-drink-genitive-sampled-object-primary-929bae7d39ec,Próbuję zupy.,Próbuję zupy.,71df8517ac0b,audio/71df8517ac0b.mp3,12096,PASS,PENDING,,Próbuję zupy.
139,przepraszać,vp-p-przepraszac-apology-accusative-person-za-accusative-offence-993ec4a94244,vp-e-przepraszac-apology-accusative-person-za-accusative-offence-primary-603de0864cdd,Marek przeprasza nauczyciela za spóźnienie.,Marek przeprasza nauczyciela za spóźnienie.,109f21264b0a,audio/109f21264b0a.mp3,19152,PASS,PENDING,,Marek przeprasza nauczyciela za spóźnienie.
140,przepraszać,vp-p-przepraszac-apology-accusative-person-ze-explanation-54604e55584a,vp-e-przepraszac-apology-accusative-person-ze-explanation-primary-23fabfc65899,"Przepraszam cię, że nie zadzwoniłem wczoraj.","Przepraszam cię, że nie zadzwoniłem wczoraj.",f0239657daca,audio/f0239657daca.mp3,20592,PASS,PENDING,,"Przepraszam cię, że nie zadzwoniłem wczoraj."
141,przyjechać,vp-p-przyjechac-transport-destination-arrival-do-genitive-destination-f7fdfcbd8c56,vp-e-przyjechac-transport-destination-arrival-do-genitive-destination-primary-62426ac07ced,Przyjadę do Warszawy.,Przyjadę do Warszawy.,07411741db8d,audio/07411741db8d.mp3,13536,PASS,PENDING,,Przyjadę do Warszawy.
142,przyjechać,vp-p-przyjechac-transport-destination-arrival-na-accusative-destination-314ccf4773ac,vp-e-przyjechac-transport-destination-arrival-na-accusative-destination-primary-7e56e9f3e9c7,Przyjadę na dworzec.,Przyjadę na dworzec.,8e3d82dc0e1c,audio/8e3d82dc0e1c.mp3,13248,PASS,PENDING,,Przyjadę na dworzec.
143,przyjść,vp-p-przyjsc-literal-place-arrival-do-genitive-place-destination-a385e14aeb54,vp-e-przyjsc-literal-place-arrival-do-genitive-place-destination-primary-8f9efaf0a7e6,Przyszliśmy do muzeum.,Przyszliśmy do muzeum.,ee3a63f0de94,audio/ee3a63f0de94.mp3,13968,PASS,PENDING,,Przyszliśmy do muzeum.
144,przyjść,vp-p-przyjsc-one-off-activity-arrival-infinitive-purpose-fa439c6178b4,vp-e-przyjsc-one-off-activity-arrival-infinitive-purpose-primary-50084dfb393e,Przyszedłem odebrać dokument.,Przyszedłem odebrać dokument.,444f91d3189f,audio/444f91d3189f.mp3,15984,PASS,PENDING,,Przyszedłem odebrać dokument.
145,przyjść,vp-p-przyjsc-one-off-activity-arrival-na-accusative-event-destination-852d8436db4e,vp-e-przyjsc-one-off-activity-arrival-na-accusative-event-destination-primary-412bda4e76d1,Przyszliśmy na koncert.,Przyszliśmy na koncert.,d539d96bfa4c,audio/d539d96bfa4c.mp3,14256,PASS,PENDING,,Przyszliśmy na koncert.
146,przynosić,vp-p-przynosic-physical-carrying-accusative-object-c69104ff7692,vp-e-przynosic-physical-carrying-accusative-object-primary-cf14a29412ef,Przynoszę kawę.,Przynoszę kawę.,245595f72457,audio/245595f72457.mp3,12384,PASS,PENDING,,Przynoszę kawę.
147,radzić,vp-p-radzic-giving-advice-dative-accusative-advice-item-a45f939c042b,vp-e-radzic-giving-advice-dative-accusative-advice-item-primary-0e5f8ece6412,Radzę ci ostrożność.,Radzę ci ostrożność.,4c9d2959e7e2,audio/4c9d2959e7e2.mp3,14400,PASS,PENDING,,Radzę ci ostrożność.
148,radzić,vp-p-radzic-giving-advice-dative-direct-speech-advice-4f0dfc1fde60,vp-e-radzic-giving-advice-dative-direct-speech-advice-primary-1d9b99968027,Radzę ci: „Odpocznij trochę”.,Radzę ci: „Odpocznij trochę”.,5cd4f719a9be,audio/5cd4f719a9be.mp3,18864,PASS,PENDING,,Radzę ci: „Odpocznij trochę”.
149,radzić,vp-p-radzic-giving-advice-dative-infinitive-advice-b8ce7379c49d,vp-e-radzic-giving-advice-dative-infinitive-advice-primary-e62bc81da629,Radzę ci zjeść coś przed wyjściem.,Radzę ci zjeść coś przed wyjściem.,61cdef3a1bd0,audio/61cdef3a1bd0.mp3,17856,PASS,PENDING,,Radzę ci zjeść coś przed wyjściem.
150,radzić,vp-p-radzic-giving-advice-dative-interrogative-advice-8aa86a51bddb,vp-e-radzic-giving-advice-dative-interrogative-advice-primary-45ae4c1cac3d,"Radzę ci, jak rozwiązać ten problem.","Radzę ci, jak rozwiązać ten problem.",edc07b91c6c7,audio/edc07b91c6c7.mp3,20448,PASS,PENDING,,"Radzę ci, jak rozwiązać ten problem."
151,radzić,vp-p-radzic-giving-advice-dative-zeby-advice-559185af24a9,vp-e-radzic-giving-advice-dative-zeby-advice-primary-8773ea816037,"Radzę ci, żebyś odpoczął.","Radzę ci, żebyś odpoczął.",efa58ee5bf2f,audio/efa58ee5bf2f.mp3,17280,PASS,PENDING,,"Radzę ci, żebyś odpoczął."
152,radzić sobie,vp-p-radzic-sobie-coping-with-difficulty-z-instrumental-topic-399d629371c1,vp-e-radzic-sobie-coping-with-difficulty-z-instrumental-topic-primary-f267146aa8b2,Radzę sobie z trudnościami.,Radzę sobie z trudnościami.,fb66ed06d341,audio/fb66ed06d341.mp3,15408,PASS,PENDING,,Radzę sobie z trudnościami.
153,rezerwować,vp-p-rezerwowac-booking-reservation-accusative-item-dative-beneficiary-79c23e521540,vp-e-rezerwowac-booking-reservation-accusative-item-dative-beneficiary-primary-e4f9af805a7c,Rezerwuję stolik znajomym.,Rezerwuję stolik znajomym.,9a50c4eb993b,audio/9a50c4eb993b.mp3,16128,PASS,PENDING,,Rezerwuję stolik znajomym.
154,rezerwować,vp-p-rezerwowac-booking-reservation-accusative-item-dla-genitive-beneficiary-92b92523b0c2,vp-e-rezerwowac-booking-reservation-accusative-item-dla-genitive-beneficiary-primary-141ecfd48365,Rezerwuję pokój dla rodziców.,Rezerwuję pokój dla rodziców.,98e34a63cb74,audio/98e34a63cb74.mp3,16416,PASS,PENDING,,Rezerwuję pokój dla rodziców.
155,robić,vp-p-robic-activity-performance-accusative-activity-noun-925def490e27,vp-e-robic-activity-performance-accusative-activity-noun-primary-f1ced5130f6f,Robię pranie.,Robię pranie.,bb99d3840476,audio/bb99d3840476.mp3,11808,PASS,PENDING,,Robię pranie.
156,robić,vp-p-robic-entity-creation-accusative-created-entity-a0bc402f1a69,vp-e-robic-entity-creation-accusative-created-entity-primary-63a023cef4a4,Robię ciasto.,Robię ciasto.,628698103ce3,audio/628698103ce3.mp3,12096,PASS,PENDING,,Robię ciasto.
157,rozumieć,vp-p-rozumiec-content-comprehension-accusative-content-99691eab5f8a,vp-e-rozumiec-content-comprehension-accusative-content-primary-7ce45e1cce5d,Rozumiem żart.,Rozumiem żart.,245040f37e3a,audio/245040f37e3a.mp3,12528,PASS,PENDING,,Rozumiem żart.
158,rozumieć,vp-p-rozumiec-content-comprehension-interrogative-content-clause-29c6ee110263,vp-e-rozumiec-content-comprehension-interrogative-content-clause-primary-09c07e4dfbb4,"Rozumiem, dlaczego się spóźniłeś.","Rozumiem, dlaczego się spóźniłeś.",91f8bb56b05e,audio/91f8bb56b05e.mp3,18864,PASS,PENDING,,"Rozumiem, dlaczego się spóźniłeś."
159,rozumieć,vp-p-rozumiec-content-comprehension-ze-content-clause-54edc78a6928,vp-e-rozumiec-content-comprehension-ze-content-clause-primary-ad98269a786d,"Rozumiem, że jesteś zmęczony.","Rozumiem, że jesteś zmęczony.",79df34439500,audio/79df34439500.mp3,18288,PASS,PENDING,,"Rozumiem, że jesteś zmęczony."
160,rozumieć,vp-p-rozumiec-empathic-person-understanding-accusative-person-cf49fb1a3945,vp-e-rozumiec-empathic-person-understanding-accusative-person-primary-03cd47952436,Rozumiem cię jak nikt inny.,Rozumiem cię jak nikt inny.,d914dba6b71d,audio/d914dba6b71d.mp3,15408,PASS,PENDING,,Rozumiem cię jak nikt inny.
161,skończyć,vp-p-skonczyc-activity-completion-accusative-task-313aface876d,vp-e-skonczyc-activity-completion-accusative-task-primary-566872c70b32,Skończyłem pracę.,Skończyłem pracę.,dba97a28222a,audio/dba97a28222a.mp3,13248,PASS,PENDING,,Skończyłem pracę.
162,skończyć,vp-p-skonczyc-activity-completion-infinitive-fe6bb9137b16,vp-e-skonczyc-activity-completion-infinitive-primary-7bd436a23cb0,Skończyłem pisać raport.,Skończyłem pisać raport.,e38a1e5b1228,audio/e38a1e5b1228.mp3,15552,PASS,PENDING,,Skończyłem pisać raport.
163,skończyć,vp-p-skonczyc-definitive-cessation-z-instrumental-ceased-activity-3c516acbd5d3,vp-e-skonczyc-definitive-cessation-z-instrumental-ceased-activity-primary-c8d8a1d2ae7c,Skończyłem z paleniem.,Skończyłem z paleniem.,21ae85830122,audio/21ae85830122.mp3,14112,PASS,PENDING,,Skończyłem z paleniem.
164,spotkać się,vp-p-spotkac-sie-completed-social-meeting-z-instrumental-meeting-partner-a82c7326513e,vp-e-spotkac-sie-completed-social-meeting-z-instrumental-meeting-partner-primary-e499d57682e8,Spotkałem się z przyjaciółmi.,Spotkałem się z przyjaciółmi.,1c975b980221,audio/1c975b980221.mp3,15552,PASS,PENDING,,Spotkałem się z przyjaciółmi.
165,spotykać się,vp-p-spotykac-sie-recurring-social-meeting-z-instrumental-meeting-partner-eb03feb8a1cf,vp-e-spotykac-sie-recurring-social-meeting-z-instrumental-meeting-partner-primary-cd5bd788df54,Spotykam się z przyjaciółmi.,Spotykam się z przyjaciółmi.,9d0791f1549d,audio/9d0791f1549d.mp3,15408,PASS,PENDING,,Spotykam się z przyjaciółmi.
166,uczyć,vp-p-uczyc-school-subject-teaching-accusative-learner-genitive-school-subject-c13e48134fab,vp-e-uczyc-school-subject-teaching-accusative-learner-genitive-school-subject-primary-afe03cb19953,Pani Nowak uczy moją córkę matematyki.,Pani Nowak uczy moją córkę matematyki.,f4a782b65440,audio/f4a782b65440.mp3,19152,PASS,PENDING,,Pani Nowak uczy moją córkę matematyki.
167,uczyć,vp-p-uczyc-teaching-instruction-accusative-learner-genitive-taught-content-e9e27ed70d09,vp-e-uczyc-teaching-instruction-accusative-learner-genitive-taught-content-primary-da5f62d042ab,Babcia uczy wnuczkę cierpliwości.,Babcia uczy wnuczkę cierpliwości.,04d96f3f813d,audio/04d96f3f813d.mp3,17856,PASS,PENDING,,Babcia uczy wnuczkę cierpliwości.
168,uczyć,vp-p-uczyc-teaching-instruction-accusative-learner-infinitive-taught-skill-51f9d5a971ec,vp-e-uczyc-teaching-instruction-accusative-learner-infinitive-taught-skill-primary-87ceb0631e11,Ojciec uczy syna pływać.,Ojciec uczy syna pływać.,de2b76f21638,audio/de2b76f21638.mp3,14976,PASS,PENDING,,Ojciec uczy syna pływać.
169,uczyć,vp-p-uczyc-teaching-instruction-accusative-learner-interrogative-taught-content-f0b113d314d3,vp-e-uczyc-teaching-instruction-accusative-learner-interrogative-taught-content-primary-207d2033481e,"Instruktor uczy kursantów, jak reagować w niebezpiecznej sytuacji.","Instruktor uczy kursantów, jak reagować w niebezpiecznej sytuacji.",b50c137e103c,audio/b50c137e103c.mp3,27936,PASS,PENDING,,"Instruktor uczy kursantów, jak reagować w niebezpiecznej sytuacji."
170,uczyć,vp-p-uczyc-teaching-instruction-accusative-learner-ze-taught-proposition-fe4e3872b662,vp-e-uczyc-teaching-instruction-accusative-learner-ze-taught-proposition-primary-975d9abbd148,"Rodzice uczą dzieci, że warto mówić prawdę.","Rodzice uczą dzieci, że warto mówić prawdę.",58cbb1655370,audio/58cbb1655370.mp3,21744,PASS,PENDING,,"Rodzice uczą dzieci, że warto mówić prawdę."
171,uczyć,vp-p-uczyc-teaching-instruction-accusative-person-o-locative-taught-topic-f8be42a99b76,vp-e-uczyc-teaching-instruction-accusative-person-o-locative-taught-topic-primary-3a2af65b1933,Nauczycielka uczy uczniów o polskich zwyczajach.,Nauczycielka uczy uczniów o polskich zwyczajach.,2848b6bfb70b,audio/2848b6bfb70b.mp3,21024,PASS,PENDING,,Nauczycielka uczy uczniów o polskich zwyczajach.
172,umówić się,vp-p-umowic-sie-meeting-arrangement-do-genitive-appointment-venue-881bb1978064,vp-e-umowic-sie-meeting-arrangement-do-genitive-appointment-venue-primary-3fa7e419239d,Umówiłem się z żoną do lekarza.,Umówiłem się z żoną do lekarza.,7aed3a914036,audio/7aed3a914036.mp3,16416,PASS,PENDING,,Umówiłem się z żoną do lekarza.
173,umówić się,vp-p-umowic-sie-meeting-arrangement-z-instrumental-partner-na-accusative-event-512880bb1cfc,vp-e-umowic-sie-meeting-arrangement-z-instrumental-partner-na-accusative-event-primary-bb139173f421,Umówiłem się z kolegą na kawę.,Umówiłem się z kolegą na kawę.,825d2c8b0220,audio/825d2c8b0220.mp3,15984,PASS,PENDING,,Umówiłem się z kolegą na kawę.
174,umówić się,vp-p-umowic-sie-mutual-agreement-interrogative-agreement-clause-7c400f3cc2e0,vp-e-umowic-sie-mutual-agreement-interrogative-agreement-clause-primary-e181b31f29be,"Umówiłem się z zespołem, kto za co odpowiada.","Umówiłem się z zespołem, kto za co odpowiada.",72fa42b008f5,audio/72fa42b008f5.mp3,21024,PASS,PENDING,,"Umówiłem się z zespołem, kto za co odpowiada."
175,umówić się,vp-p-umowic-sie-mutual-agreement-na-accusative-agreed-term-8963cb9eace5,vp-e-umowic-sie-mutual-agreement-na-accusative-agreed-term-primary-4491db09435a,Umówiłem się z szefem na podwyżkę.,Umówiłem się z szefem na podwyżkę.,ffb64558a6a9,audio/ffb64558a6a9.mp3,16848,PASS,PENDING,,Umówiłem się z szefem na podwyżkę.
176,umówić się,vp-p-umowic-sie-mutual-agreement-o-accusative-agreed-subject-5462e462071a,vp-e-umowic-sie-mutual-agreement-o-accusative-agreed-subject-primary-5c0f6848ad84,Umówiłem się ze sprzedawcą o cenę.,Umówiłem się ze sprzedawcą o cenę.,ef1d401a6ef0,audio/ef1d401a6ef0.mp3,17136,PASS,PENDING,,Umówiłem się ze sprzedawcą o cenę.
177,umówić się,vp-p-umowic-sie-mutual-agreement-ze-agreement-clause-7bd69d017be0,vp-e-umowic-sie-mutual-agreement-ze-agreement-clause-primary-71f1b15a9c4b,"Umówiłem się z bratem, że pomoże mi w przeprowadzce.","Umówiłem się z bratem, że pomoże mi w przeprowadzce.",677917ce3ad6,audio/677917ce3ad6.mp3,23184,PASS,PENDING,,"Umówiłem się z bratem, że pomoże mi w przeprowadzce."
178,umówić się,vp-p-umowic-sie-mutual-agreement-zeby-agreed-action-clause-e927a5a3852e,vp-e-umowic-sie-mutual-agreement-zeby-agreed-action-clause-primary-c3d6675f3906,"Umówiłem się z kolegą, żeby zachować to w tajemnicy.","Umówiłem się z kolegą, żeby zachować to w tajemnicy.",98eb12b5c21d,audio/98eb12b5c21d.mp3,23328,PASS,PENDING,,"Umówiłem się z kolegą, żeby zachować to w tajemnicy."
179,unikać,vp-p-unikac-avoidance-genitive-object-14de4f7c3cbf,vp-e-unikac-avoidance-genitive-object-primary-a24e269d6745,Unikam słodyczy.,Unikam słodyczy.,2f23ffd19cb9,audio/2f23ffd19cb9.mp3,13248,PASS,PENDING,,Unikam słodyczy.
180,wiedzieć,vp-p-wiedziec-factual-knowledge-accusative-known-content-8613699d1015,vp-e-wiedziec-factual-knowledge-accusative-known-content-primary-af3be430b5d7,Wiem to od dawna.,Wiem to od dawna.,cd1bb70c1660,audio/cd1bb70c1660.mp3,12816,PASS,PENDING,,Wiem to od dawna.
181,wiedzieć,vp-p-wiedziec-factual-knowledge-interrogative-queried-content-a6cbbaeeed2d,vp-e-wiedziec-factual-knowledge-interrogative-queried-content-primary-c5994c0c247d,"Nie wiem, czy zdążymy na pociąg.","Nie wiem, czy zdążymy na pociąg.",1d70e3b1d4f1,audio/1d70e3b1d4f1.mp3,18144,PASS,PENDING,,"Nie wiem, czy zdążymy na pociąg."
182,wiedzieć,vp-p-wiedziec-factual-knowledge-o-locative-known-topic-7cc2b664036c,vp-e-wiedziec-factual-knowledge-o-locative-known-topic-primary-1397bbe39ad6,Wiem o twoich problemach.,Wiem o twoich problemach.,a2a66d276f1a,audio/a2a66d276f1a.mp3,14832,PASS,PENDING,,Wiem o twoich problemach.
183,wiedzieć,vp-p-wiedziec-factual-knowledge-ze-known-proposition-92187b61e9b6,vp-e-wiedziec-factual-knowledge-ze-known-proposition-primary-d2b935865737,"Wiem, że masz teraz dużo pracy.","Wiem, że masz teraz dużo pracy.",2514b25e4a85,audio/2514b25e4a85.mp3,18000,PASS,PENDING,,"Wiem, że masz teraz dużo pracy."
184,wracać,vp-p-wracac-return-to-earlier-place-do-genitive-return-goal-fc411a55770a,vp-e-wracac-return-to-earlier-place-do-genitive-return-goal-primary-6a154c239f96,Wracam do mieszkania.,Wracam do mieszkania.,495c10f4143b,audio/495c10f4143b.mp3,13824,PASS,PENDING,,Wracam do mieszkania.
185,wracać,vp-p-wracac-return-to-earlier-place-z-genitive-return-source-f1d10124dbc7,vp-e-wracac-return-to-earlier-place-z-genitive-return-source-primary-4ad38aa144e1,Wracam z kina.,Wracam z kina.,f5899a238e3e,audio/f5899a238e3e.mp3,12672,PASS,PENDING,,Wracam z kina.
186,wrócić,vp-p-wrocic-completed-return-to-earlier-place-do-genitive-return-goal-35008726a507,vp-e-wrocic-completed-return-to-earlier-place-do-genitive-return-goal-primary-185587357d8e,Wrócę do mieszkania.,Wrócę do mieszkania.,6d18ab587b02,audio/6d18ab587b02.mp3,13392,PASS,PENDING,,Wrócę do mieszkania.
187,wrócić,vp-p-wrocic-completed-return-to-earlier-place-z-genitive-return-source-ac3bbf0213a8,vp-e-wrocic-completed-return-to-earlier-place-z-genitive-return-source-primary-a6af58fee31c,Wróciłem z kina.,Wróciłem z kina.,bab668d854c8,audio/bab668d854c8.mp3,13104,PASS,PENDING,,Wróciłem z kina.
188,wyjechać,vp-p-wyjechac-transport-departure-z-genitive-source-74d593bc190d,vp-e-wyjechac-transport-departure-z-genitive-source-primary-9ed86c9df487,Wyjadę z miasta.,Wyjadę z miasta.,aa17cff6160c,audio/aa17cff6160c.mp3,13104,PASS,PENDING,,Wyjadę z miasta.
189,wyjść,vp-p-wyjsc-literal-exit-from-place-do-genitive-destination-d4644eb3d84e,vp-e-wyjsc-literal-exit-from-place-do-genitive-destination-primary-f731d0c85541,Wyjdę do ogrodu.,Wyjdę do ogrodu.,864bb03fa79d,audio/864bb03fa79d.mp3,12816,PASS,PENDING,,Wyjdę do ogrodu.
190,wyjść,vp-p-wyjsc-literal-exit-from-place-na-accusative-destination-6d4c7a0e2af6,vp-e-wyjsc-literal-exit-from-place-na-accusative-destination-primary-c6f55bbecf96,Wyjdę na balkon.,Wyjdę na balkon.,76073abfe8aa,audio/76073abfe8aa.mp3,12816,PASS,PENDING,,Wyjdę na balkon.
191,wymagać,vp-p-wymagac-person-requires-behavior-genitive-required-content-df8b16f46328,vp-e-wymagac-person-requires-behavior-genitive-required-content-primary-d32dc86b13a2,Szef wymaga lojalności od pracowników.,Szef wymaga lojalności od pracowników.,1e0e5e2b80ec,audio/1e0e5e2b80ec.mp3,19152,PASS,PENDING,,Szef wymaga lojalności od pracowników.
192,wymagać,vp-p-wymagac-person-requires-behavior-zeby-clause-87a4b5c4a708,vp-e-wymagac-person-requires-behavior-zeby-clause-primary-ad9155bd77c4,"Szef wymaga, żeby pracownicy przychodzili punktualnie.","Szef wymaga, żeby pracownicy przychodzili punktualnie.",3e0cb09156c7,audio/3e0cb09156c7.mp3,24624,PASS,PENDING,,"Szef wymaga, żeby pracownicy przychodzili punktualnie."
193,wymagać,vp-p-wymagac-situation-requires-content-zeby-clause-9ff1a49e3833,vp-e-wymagac-situation-requires-content-zeby-clause-primary-33fc863c146b,"Sytuacja wymaga, żeby wszyscy zachowali spokój.","Sytuacja wymaga, żeby wszyscy zachowali spokój.",3462e84baada,audio/3462e84baada.mp3,23472,PASS,PENDING,,"Sytuacja wymaga, żeby wszyscy zachowali spokój."
194,wziąć,vp-p-wziac-bounded-literal-taking-accusative-entity-optional-instrumental-means-f9d7a954b360,vp-e-wziac-bounded-literal-taking-accusative-entity-optional-instrumental-means-primary-ac88bcb19be4,Wziąłem kostkę lodu szczypcami.,Wziąłem kostkę lodu szczypcami.,b40376466e0d,audio/b40376466e0d.mp3,16992,PASS,PENDING,,Wziąłem kostkę lodu szczypcami.
195,wziąć,vp-p-wziac-bounded-literal-taking-accusative-entity-za-accusative-gripped-part-413cdd4a5efd,vp-e-wziac-bounded-literal-taking-accusative-entity-za-accusative-gripped-part-primary-78cd9c25b7f7,Wziąłem dziecko za rękę.,Wziąłem dziecko za rękę.,9f0f2162174a,audio/9f0f2162174a.mp3,14976,PASS,PENDING,,Wziąłem dziecko za rękę.
196,wziąć,vp-p-wziac-fixed-participation-w-locative-participation-target-45b686043181,vp-e-wziac-fixed-participation-w-locative-participation-target-primary-30b8f031f3f4,Wziąłem udział w konferencji.,Wziąłem udział w konferencji.,76f31776b9fc,audio/76f31776b9fc.mp3,16704,PASS,PENDING,,Wziąłem udział w konferencji.
197,zacząć,vp-p-zaczac-bounded-onset-accusative-activity-38443464062f,vp-e-zaczac-bounded-onset-accusative-activity-primary-c1b57b02d11c,Zacząłem lekcję.,Zacząłem lekcję.,6e10f3e8e76f,audio/6e10f3e8e76f.mp3,13248,PASS,PENDING,,Zacząłem lekcję.
198,zacząć,vp-p-zaczac-bounded-onset-infinitive-1e4ee5a05b41,vp-e-zaczac-bounded-onset-infinitive-primary-b9a7d4742bf2,Zacząłem czytać książkę.,Zacząłem czytać książkę.,aa6eeec08797,audio/aa6eeec08797.mp3,15120,PASS,PENDING,,Zacząłem czytać książkę.
199,zamawiać,vp-p-zamawiac-commissioning-ordering-accusative-item-77f0d7b8ea93,vp-e-zamawiac-commissioning-ordering-accusative-item-primary-639ca37b35f1,Zamawiam pizzę.,Zamawiam pizzę.,445b64e8dcba,audio/445b64e8dcba.mp3,13248,PASS,PENDING,,Zamawiam pizzę.
200,zamawiać,vp-p-zamawiac-commissioning-ordering-dative-beneficiary-53e12b766e52,vp-e-zamawiac-commissioning-ordering-dative-beneficiary-primary-7efd21fd66ee,Zamawiam mężowi prezent.,Zamawiam mężowi prezent.,9152010935fa,audio/9152010935fa.mp3,15840,PASS,PENDING,,Zamawiam mężowi prezent.
201,zamawiać,vp-p-zamawiac-commissioning-ordering-dla-genitive-beneficiary-aa459101d761,vp-e-zamawiac-commissioning-ordering-dla-genitive-beneficiary-primary-b0129c18848f,Zamawiam prezent dla żony.,Zamawiam prezent dla żony.,cfae756233e1,audio/cfae756233e1.mp3,16128,PASS,PENDING,,Zamawiam prezent dla żony.
202,zamawiać,vp-p-zamawiac-commissioning-ordering-u-genitive-provider-aaee9dea3569,vp-e-zamawiac-commissioning-ordering-u-genitive-provider-primary-ffee21a3c720,Zamawiam meble u stolarza.,Zamawiam meble u stolarza.,fd92a2de4aab,audio/fd92a2de4aab.mp3,16272,PASS,PENDING,,Zamawiam meble u stolarza.
203,zapominać,vp-p-zapominac-failure-to-act-infinitive-failure-fafcf8be6dbf,vp-e-zapominac-failure-to-act-infinitive-failure-primary-e5d006ede9fe,Zapominam zadzwonić.,Zapominam zadzwonić.,9cec7948963a,audio/9cec7948963a.mp3,14400,PASS,PENDING,,Zapominam zadzwonić.
204,zapominać,vp-p-zapominac-recall-failure-accusative-object-dec63a04d469,vp-e-zapominac-recall-failure-accusative-object-primary-b9f81b42c88c,Zapominam tę twarz.,Zapominam tę twarz.,87e950462aed,audio/87e950462aed.mp3,14256,PASS,PENDING,,Zapominam tę twarz.
205,zapominać,vp-p-zapominac-recall-failure-genitive-object-e9584e3f3d06,vp-e-zapominac-recall-failure-genitive-object-primary-ba575c516f08,Zapominam numeru telefonu.,Zapominam numeru telefonu.,925763703230,audio/925763703230.mp3,16128,PASS,PENDING,,Zapominam numeru telefonu.
206,zapominać,vp-p-zapominac-recall-failure-interrogative-forgotten-content-df9fe02aa7e1,vp-e-zapominac-recall-failure-interrogative-forgotten-content-primary-2c3d88f08955,"Zapominam, czy zamknąłem drzwi.","Zapominam, czy zamknąłem drzwi.",4b94069b8494,audio/4b94069b8494.mp3,18144,PASS,PENDING,,"Zapominam, czy zamknąłem drzwi."
207,zapominać,vp-p-zapominac-recall-failure-o-locative-topic-3ae353f3aca1,vp-e-zapominac-recall-failure-o-locative-topic-primary-cd011863b67c,Zapominam o spotkaniu.,Zapominam o spotkaniu.,cb6d624da8ea,audio/cb6d624da8ea.mp3,14688,PASS,PENDING,,Zapominam o spotkaniu.
208,zapominać,vp-p-zapominac-recall-failure-ze-content-clause-373201abe569,vp-e-zapominac-recall-failure-ze-content-clause-primary-dd22fe1a0f98,"Zapominam, że mam spotkanie.","Zapominam, że mam spotkanie.",3023b077de1d,audio/3023b077de1d.mp3,17568,PASS,PENDING,,"Zapominam, że mam spotkanie."
209,zapraszać,vp-p-zapraszac-invitation-accusative-invitee-do-genitive-destination-c20fa60e63d4,vp-e-zapraszac-invitation-accusative-invitee-do-genitive-destination-primary-faad749337f9,Zapraszam cię do domu.,Zapraszam cię do domu.,485fb2bf832d,audio/485fb2bf832d.mp3,13680,PASS,PENDING,,Zapraszam cię do domu.
210,zapraszać,vp-p-zapraszac-invitation-accusative-invitee-na-accusative-event-26af6e831dc4,vp-e-zapraszac-invitation-accusative-invitee-na-accusative-event-primary-9a0f53a63948,Zapraszam cię na urodziny.,Zapraszam cię na urodziny.,1c603f6d707f,audio/1c603f6d707f.mp3,14688,PASS,PENDING,,Zapraszam cię na urodziny.
211,zgadzać się,vp-p-zgadzac-sie-consent-direct-speech-consent-1fb0ed252e68,vp-e-zgadzac-sie-consent-direct-speech-consent-primary-52d7308d3c0d,"Zapytałem, czy możemy zacząć jutro. „Zgadzam się” — odpowiedział.","Zapytałem, czy możemy zacząć jutro. „Zgadzam się” — odpowiedział.",62b4959430ad,audio/62b4959430ad.mp3,34992,PASS,PENDING,,"Zapytałem, czy możemy zacząć jutro. „Zgadzam się” — odpowiedział."
212,zgadzać się,vp-p-zgadzac-sie-consent-infinitive-consented-action-3deaf8c16029,vp-e-zgadzac-sie-consent-infinitive-consented-action-primary-6a6517a8b6f4,Zgadzam się zapłacić połowę.,Zgadzam się zapłacić połowę.,45dc80797f7b,audio/45dc80797f7b.mp3,16128,PASS,PENDING,,Zgadzam się zapłacić połowę.
213,zgadzać się,vp-p-zgadzac-sie-consent-na-accusative-consented-proposal-56ddf96f49b9,vp-e-zgadzac-sie-consent-na-accusative-consented-proposal-primary-c3cd964d247e,Zgadzam się na twoją propozycję.,Zgadzam się na twoją propozycję.,c87a92ba8b9f,audio/c87a92ba8b9f.mp3,16848,PASS,PENDING,,Zgadzam się na twoją propozycję.
214,zgadzać się,vp-p-zgadzac-sie-consent-zeby-consented-event-374c6d38e54a,vp-e-zgadzac-sie-consent-zeby-consented-event-primary-1043761cba4e,"Zgadzam się, żebyś został dłużej.","Zgadzam się, żebyś został dłużej.",4637e0839349,audio/4637e0839349.mp3,19584,PASS,PENDING,,"Zgadzam się, żebyś został dłużej."
215,zgadzać się,vp-p-zgadzac-sie-opinion-agreement-direct-speech-agreement-5bc6f6d0b8f2,vp-e-zgadzac-sie-opinion-agreement-direct-speech-agreement-primary-68b81c122c44,"Powiedziałem, że film był świetny. „Zgadzam się” — dodała.","Powiedziałem, że film był świetny. „Zgadzam się” — dodała.",6c3ce9da7820,audio/6c3ce9da7820.mp3,34272,PASS,PENDING,,"Powiedziałem, że film był świetny. „Zgadzam się” — dodała."
216,zgadzać się,vp-p-zgadzac-sie-opinion-agreement-z-instrumental-agreement-partner-96c914c9d145,vp-e-zgadzac-sie-opinion-agreement-z-instrumental-agreement-partner-primary-273c94c967fe,Zgadzam się z tobą.,Zgadzam się z tobą.,1753c72171cd,audio/1753c72171cd.mp3,13680,PASS,PENDING,,Zgadzam się z tobą.
217,zgadzać się,vp-p-zgadzac-sie-opinion-agreement-ze-agreed-proposition-3db18e243b6f,vp-e-zgadzac-sie-opinion-agreement-ze-agreed-proposition-primary-12715dbab6e3,"Zgadzam się z nim, że to dobry pomysł.","Zgadzam się z nim, że to dobry pomysł.",feb8c899741a,audio/feb8c899741a.mp3,19440,PASS,PENDING,,"Zgadzam się z nim, że to dobry pomysł."
218,życzyć,vp-p-zyczyc-good-wishes-dative-recipient-genitive-wished-thing-beac7693a927,vp-e-zyczyc-good-wishes-dative-recipient-genitive-wished-thing-primary-1cc886da91d6,Życzę ci zdrowia i szczęścia.,Życzę ci zdrowia i szczęścia.,732561f322de,audio/732561f322de.mp3,16416,PASS,PENDING,,Życzę ci zdrowia i szczęścia.
219,życzyć,vp-p-zyczyc-good-wishes-dative-recipient-zeby-wished-event-654b4d943db7,vp-e-zyczyc-good-wishes-dative-recipient-zeby-wished-event-primary-a8734cc6795f,"Życzę ci, żebyś zdał ten egzamin.","Życzę ci, żebyś zdał ten egzamin.",cf8bcb825e00,audio/cf8bcb825e00.mp3,20304,PASS,PENDING,,"Życzę ci, żebyś zdał ten egzamin."
