lemma_id,lemma,reflexive,aspect,aspect_partner_ids,meaning_id,meaning_glosses_en,pattern_id,relation_type,complements_json,complement_types,cases,prepositions,cefr_recognition,cefr_production,teaching_status,example_id,example_pl,example_en,example_origin,origin_repository_ref,content_refs_json,error_notes_json,review_state,release_mode,review_event_chain,activity_eligibility,audio_eligible
vp-l-bac-sie-0fcafe1aef9f,bać się,true,imperfective,,vp-m-bac-sie-be-afraid-of-60cc08a05be5,be afraid of | fear,vp-p-bac-sie-be-afraid-of-genitive-stimulus-4f1d684a5144,lexical-frame,"[{""type"":""case"",""case"":""genitive"",""required"":true,""role"":""target""}]",case,genitive,,A2,B1,active-production,vp-e-bac-sie-be-afraid-of-genitive-stimulus-spiders-and-flying-05ebb1adaeeb,Boję się pająków i latania samolotem.,I am afraid of spiders and of flying.,repository-reuse,card:b1-character-emotions-010:ex,"[{""kind"":""card"",""id"":""b1-character-emotions-010"",""purpose"":""support""},{""kind"":""topic"",""id"":""grammar-cases-genitive"",""purpose"":""support""}]","[{""kind"":""predicted-distractor"",""incorrectForm"":""boję się pająki"",""guidanceEn"":""Bać się takes the Genitive: boję się pająków (I'm afraid of spiders).""}]",approved,solo-maintainer-reference-backed,reference-verification:accept > editorial-review:accept > product-approval:accept > correction:accept > editorial-review:changes-requested > editorial-review:accept > product-approval:accept,,false
vp-l-bac-sie-0fcafe1aef9f,bać się,true,imperfective,,vp-m-bac-sie-worry-about-3a50faed54bf,worry about | fear for,vp-p-bac-sie-worry-about-o-accusative-concern-c4b9b8d6811b,lexical-frame,"[{""type"":""preposition-case"",""preposition"":""o"",""case"":""accusative"",""required"":true,""role"":""topic""}]",preposition-case,accusative,o,B1,,recognition-only,vp-e-bac-sie-worry-about-o-accusative-concern-worried-about-grandad-6d3fcb1cfed8,"Boimy się o dziadka, bo mieszka sam.",We're worried about our grandad because he lives alone.,editorial-generated,,"[{""kind"":""topic"",""id"":""grammar-cases-accusative"",""purpose"":""support""}]",[],approved,solo-maintainer-reference-backed,reference-verification:accept > editorial-review:accept > product-approval:accept > correction:accept > editorial-review:changes-requested > editorial-review:accept > product-approval:accept,,false
vp-l-byc-8deae1e7376a,być,false,imperfective,,vp-m-byc-predicate-role-93c209d5654b,"be (a role, profession or category)",vp-p-byc-predicate-role-instrumental-predicate-3b90a83fbb30,constructional-frame,"[{""type"":""case"",""case"":""instrumental"",""required"":true,""role"":""predicate""}]",case,instrumental,,A1,A2,active-production,vp-e-byc-predicate-role-instrumental-predicate-first-year-student-181cc5a0b335,Jestem studentem pierwszego roku.,I am a first-year student.,repository-reuse,card:a2-work-education-016:ex,"[{""kind"":""card"",""id"":""a1-about-me-026"",""purpose"":""support""},{""kind"":""drill"",""id"":""grammar-cases-instrumental-003"",""purpose"":""practice""},{""kind"":""topic"",""id"":""grammar-cases-instrumental"",""purpose"":""support""},{""kind"":""topic"",""id"":""grammar-cases-nominative"",""purpose"":""contrast""}]","[{""kind"":""predicted-distractor"",""incorrectForm"":""jestem student"",""guidanceEn"":""After być a role or profession takes the Instrumental: jestem studentem (I'm a student).""}]",approved,solo-maintainer-reference-backed,reference-verification:accept > editorial-review:accept > product-approval:accept > correction:accept > editorial-review:changes-requested > editorial-review:accept > product-approval:accept,,false
vp-l-czekac-c6c3d0da2caa,czekać,false,imperfective,,vp-m-czekac-wait-for-bfb4d11f9655,wait for,vp-p-czekac-wait-for-na-accusative-target-3c9ac823ecde,lexical-frame,"[{""type"":""preposition-case"",""preposition"":""na"",""case"":""accusative"",""required"":true,""role"":""target""}]",preposition-case,accusative,na,A1,A1,active-production,vp-e-czekac-wait-for-na-accusative-target-waiting-for-bus-c7204269b040,Czekam na autobus.,I am waiting for the bus.,repository-reuse,card:a1-first-verbs-021:ex,"[{""kind"":""card"",""id"":""a1-first-verbs-021"",""purpose"":""support""},{""kind"":""drill"",""id"":""building-sentences-relative-clauses-008"",""purpose"":""practice""},{""kind"":""topic"",""id"":""grammar-cases-accusative"",""purpose"":""support""}]","[{""kind"":""predicted-distractor"",""incorrectForm"":""czekam autobus"",""guidanceEn"":""Czekać needs the preposition na with the Accusative: czekam na autobus (I'm waiting for the bus).""}]",approved,solo-maintainer-reference-backed,reference-verification:accept > editorial-review:accept > product-approval:accept > correction:accept > editorial-review:changes-requested > editorial-review:accept > product-approval:accept,,false
vp-l-dbac-15ed83f8434d,dbać,false,imperfective,,vp-m-dbac-take-care-of-2b403d3e1b49,take care of | look after,vp-p-dbac-take-care-of-o-accusative-target-d3e3eb63129c,lexical-frame,"[{""type"":""preposition-case"",""preposition"":""o"",""case"":""accusative"",""required"":true,""role"":""target""}]",preposition-case,accusative,o,B1,B1,active-production,vp-e-dbac-take-care-of-o-accusative-target-care-every-day-171833c3174d,Codziennie dbam o kondycję.,I work on my fitness every day.,editorial-generated,,"[{""kind"":""card"",""id"":""b1-healthy-lifestyle-012"",""purpose"":""support""},{""kind"":""topic"",""id"":""grammar-cases-accusative"",""purpose"":""support""}]",[],approved,solo-maintainer-reference-backed,reference-verification:accept > editorial-review:accept > product-approval:accept > correction:accept > editorial-review:changes-requested > editorial-review:accept > product-approval:accept,,false
vp-l-dziekowac-8e4ca359cb86,dziękować,false,imperfective,,vp-m-dziekowac-thank-f19a15334790,thank,vp-p-dziekowac-thank-dative-recipient-za-accusative-057197dd300f,lexical-frame,"[{""type"":""case"",""case"":""dative"",""required"":true,""role"":""recipient""},{""type"":""preposition-case"",""preposition"":""za"",""case"":""accusative"",""required"":true,""role"":""topic""}]",case|preposition-case,dative|accusative,|za,A2,B1,active-production,vp-e-dziekowac-thank-dative-recipient-za-accusative-thanks-for-cooperation-92656ebcc371,Dziękuję siostrze za kolację.,I thank my sister for dinner.,editorial-generated,,"[{""kind"":""drill"",""id"":""grammar-cases-dative-005"",""purpose"":""practice""},{""kind"":""topic"",""id"":""grammar-cases-dative"",""purpose"":""support""}]","[{""kind"":""predicted-distractor"",""incorrectForm"":""dziękuję mamę za pomoc"",""guidanceEn"":""The person thanked is Dative: dziękuję mamie za pomoc (I thank my mum for the help).""}]",approved,solo-maintainer-reference-backed,reference-verification:accept > editorial-review:accept > product-approval:accept > correction:accept > editorial-review:changes-requested > editorial-review:accept > product-approval:accept,,false
vp-l-dziekowac-8e4ca359cb86,dziękować,false,imperfective,,vp-m-dziekowac-thank-f19a15334790,thank,vp-p-dziekowac-thank-za-accusative-reason-fd31baa1b1ad,lexical-frame,"[{""type"":""preposition-case"",""preposition"":""za"",""case"":""accusative"",""required"":true,""role"":""topic""}]",preposition-case,accusative,za,A1,A1,active-production,vp-e-dziekowac-thank-za-accusative-reason-thanks-for-help-edd6c7bb9169,Dziękuję za pomoc.,Thank you for your help.,repository-reuse,card:a1-first-phrases-006:ex,"[{""kind"":""card"",""id"":""a1-first-phrases-006"",""purpose"":""support""},{""kind"":""topic"",""id"":""grammar-cases-accusative"",""purpose"":""support""}]",[],approved,solo-maintainer-reference-backed,reference-verification:accept > editorial-review:accept > product-approval:accept > correction:accept > editorial-review:changes-requested > editorial-review:accept > product-approval:accept,,false
vp-l-interesowac-sie-594d3cf1b5a6,interesować się,true,imperfective,,vp-m-interesowac-sie-be-interested-in-7a9b8150975b,be interested in,vp-p-interesowac-sie-be-interested-in-instrumental-topic-1ab788e84e01,lexical-frame,"[{""type"":""case"",""case"":""instrumental"",""required"":true,""role"":""topic""}]",case,instrumental,,A2,A2,active-production,vp-e-interesowac-sie-be-interested-in-instrumental-topic-politics-and-sport-9678fabc81e9,Interesuję się polityką i sportem.,I am interested in politics and sport.,repository-reuse,card:a2-leisure-culture-002:ex,"[{""kind"":""card"",""id"":""a2-leisure-culture-002"",""purpose"":""support""},{""kind"":""drill"",""id"":""grammar-cases-instrumental-014"",""purpose"":""practice""},{""kind"":""topic"",""id"":""grammar-cases-instrumental"",""purpose"":""support""}]","[{""kind"":""predicted-distractor"",""incorrectForm"":""interesuję się o sport"",""guidanceEn"":""No preposition: use the bare Instrumental, interesuję się sportem (I'm interested in sport).""}]",approved,solo-maintainer-reference-backed,reference-verification:accept > editorial-review:accept > product-approval:accept > correction:accept > editorial-review:changes-requested > editorial-review:accept > product-approval:accept,,false
vp-l-lubic-a9766b487203,lubić,false,imperfective,,vp-m-lubic-enjoy-thing-or-activity-fd56f32d6d55,like | enjoy,vp-p-lubic-enjoy-thing-or-activity-accusative-object-7e585a50878f,lexical-frame,"[{""type"":""case"",""case"":""accusative"",""required"":true,""role"":""object""}]",case,accusative,,A1,A1,active-production,vp-e-lubic-enjoy-thing-or-activity-accusative-object-polish-food-857835bb5b81,Lubię polskie jedzenie.,I like Polish food.,repository-reuse,card:a1-first-verbs-018:ex,"[{""kind"":""card"",""id"":""a1-first-verbs-018"",""purpose"":""support""},{""kind"":""card"",""id"":""a1-food-basics-023"",""purpose"":""contrast""},{""kind"":""topic"",""id"":""building-sentences-negation"",""purpose"":""contrast""},{""kind"":""topic"",""id"":""grammar-cases-accusative"",""purpose"":""support""}]",[],approved,solo-maintainer-reference-backed,reference-verification:accept > editorial-review:accept > product-approval:accept > correction:accept > editorial-review:changes-requested > editorial-review:accept > product-approval:accept,,false
vp-l-lubic-a9766b487203,lubić,false,imperfective,,vp-m-lubic-enjoy-thing-or-activity-fd56f32d6d55,like | enjoy,vp-p-lubic-enjoy-thing-or-activity-infinitive-activity-be3742b7ce45,lexical-frame,"[{""type"":""infinitive"",""required"":true,""role"":""content""}]",infinitive,,,A1,A1,active-production,vp-e-lubic-enjoy-thing-or-activity-infinitive-activity-reading-before-sleep-d573db6f04d1,Lubię czytać przed snem.,I like reading before bed.,repository-reuse,card:a1-free-time-003:ex,"[{""kind"":""card"",""id"":""a1-free-time-003"",""purpose"":""support""}]",[],approved,solo-maintainer-reference-backed,reference-verification:accept > editorial-review:accept > product-approval:accept > correction:accept > editorial-review:changes-requested > editorial-review:accept > product-approval:accept,,false
vp-l-miec-3d78141ba164,mieć,false,imperfective,,vp-m-miec-possess-1ba1201b22bf,have | own,vp-p-miec-possess-accusative-object-7181f802bd57,lexical-frame,"[{""type"":""case"",""case"":""accusative"",""required"":true,""role"":""object""}]",case,accusative,,A1,A1,active-production,vp-e-miec-possess-accusative-object-two-cats-and-a-dog-2ce2746c0cfc,Mam dwa koty i psa.,I have two cats and a dog.,repository-reuse,card:a1-first-verbs-002:ex,"[{""kind"":""card"",""id"":""a1-first-verbs-002"",""purpose"":""support""},{""kind"":""topic"",""id"":""building-sentences-negation"",""purpose"":""contrast""},{""kind"":""topic"",""id"":""grammar-cases-accusative"",""purpose"":""support""}]",[],approved,solo-maintainer-reference-backed,reference-verification:accept > editorial-review:accept > product-approval:accept > correction:accept > editorial-review:changes-requested > editorial-review:accept > product-approval:accept,,false
vp-l-mowic-5f4740bd3f57,mówić,false,imperfective,,vp-m-mowic-tell-content-15073cbb8666,say | tell,vp-p-mowic-tell-content-dative-recipient-accusative-content-2f2b1add1960,lexical-frame,"[{""type"":""case"",""case"":""dative"",""required"":false,""role"":""recipient""},{""type"":""case"",""case"":""accusative"",""required"":true,""role"":""content""}]",case|case,dative|accusative,|,A2,B1,active-production,vp-e-mowic-tell-content-dative-recipient-accusative-content-telling-parents-the-truth-cc31a97d5386,Zawsze mówię rodzicom prawdę.,I always tell my parents the truth.,editorial-generated,,"[{""kind"":""topic"",""id"":""grammar-cases-accusative"",""purpose"":""support""},{""kind"":""topic"",""id"":""grammar-cases-dative"",""purpose"":""support""}]",[],approved,solo-maintainer-reference-backed,reference-verification:accept > reference-verification:accept > editorial-review:accept > product-approval:accept > correction:accept > editorial-review:changes-requested > editorial-review:accept > product-approval:accept,,false
vp-l-mowic-5f4740bd3f57,mówić,false,imperfective,,vp-m-mowic-tell-content-15073cbb8666,say | tell,vp-p-mowic-tell-content-dative-recipient-ze-clause-a01ddc4a4736,lexical-frame,"[{""type"":""case"",""case"":""dative"",""required"":false,""role"":""recipient""},{""type"":""clause"",""clauseKind"":""ze"",""required"":true,""role"":""content""}]",case|clause,dative|,|,A2,B1,active-production,vp-e-mowic-tell-content-dative-recipient-ze-clause-telling-you-its-a-good-idea-ed20965f4251,"Mówię ci, że to dobry pomysł.",I'm telling you that it's a good idea.,editorial-generated,,"[{""kind"":""topic"",""id"":""building-sentences-so-that"",""purpose"":""contrast""},{""kind"":""topic"",""id"":""grammar-cases-dative"",""purpose"":""support""}]",[],approved,solo-maintainer-reference-backed,reference-verification:accept > reference-verification:accept > editorial-review:accept > product-approval:accept > correction:accept > editorial-review:changes-requested > editorial-review:accept > product-approval:accept,,false
vp-l-myslec-8be636ebca9e,myśleć,false,imperfective,,vp-m-myslec-think-about-fa2e0ab5d95a,think about,vp-p-myslec-think-about-o-locative-topic-edf0461e0dd2,lexical-frame,"[{""type"":""preposition-case"",""preposition"":""o"",""case"":""locative"",""required"":true,""role"":""topic""}]",preposition-case,locative,o,A2,A2,active-production,vp-e-myslec-think-about-o-locative-topic-thinking-about-the-exam-10ede796a5be,Ciągle myślę o egzaminie.,I keep thinking about the exam.,editorial-generated,,"[{""kind"":""card"",""id"":""b1-expressing-opinions-009"",""purpose"":""contrast""},{""kind"":""drill"",""id"":""grammar-cases-locative-006"",""purpose"":""practice""},{""kind"":""topic"",""id"":""grammar-cases-locative"",""purpose"":""support""}]","[{""kind"":""predicted-distractor"",""incorrectForm"":""myślę o wakacje"",""guidanceEn"":""After o in this meaning use the Locative: myślę o wakacjach (I'm thinking about the holidays).""}]",approved,solo-maintainer-reference-backed,reference-verification:accept > editorial-review:accept > product-approval:accept > correction:accept > editorial-review:changes-requested > editorial-review:accept > product-approval:accept,,false
vp-l-opiekowac-sie-3a290ee21577,opiekować się,true,imperfective,,vp-m-opiekowac-sie-care-for-278e820d8562,look after | care for,vp-p-opiekowac-sie-care-for-instrumental-object-8aa6f0a91e5b,lexical-frame,"[{""type"":""case"",""case"":""instrumental"",""required"":true,""role"":""object""}]",case,instrumental,,B1,B1,active-production,vp-e-opiekowac-sie-care-for-instrumental-object-caring-for-a-sick-grandmother-5d1ea100cdfa,Dziś opiekuję się młodszą siostrą.,Today I'm looking after my younger sister.,editorial-generated,,"[{""kind"":""topic"",""id"":""grammar-cases-instrumental"",""purpose"":""support""}]","[{""kind"":""predicted-distractor"",""incorrectForm"":""opiekuję się o babcię"",""guidanceEn"":""No preposition: use the bare Instrumental, opiekuję się babcią (I look after my grandmother).""}]",approved,solo-maintainer-reference-backed,reference-verification:accept > editorial-review:accept > product-approval:accept > correction:accept > editorial-review:changes-requested > editorial-review:accept > product-approval:accept,,false
vp-l-placic-d709669437d2,płacić,false,imperfective,,vp-m-placic-pay-dd4705572184,pay,vp-p-placic-pay-instrumental-method-ef4313d0d5ce,means-method,"[{""type"":""case"",""case"":""instrumental"",""required"":true,""role"":""means""}]",case,instrumental,,A1,A1,active-production,vp-e-placic-pay-instrumental-method-paying-cash-e1eba53e074b,Płacę gotówką.,I am paying in cash.,repository-reuse,card:a1-numbers-prices-017:ex,"[{""kind"":""card"",""id"":""a1-numbers-prices-017"",""purpose"":""support""},{""kind"":""card"",""id"":""a2-quantities-money-022"",""purpose"":""support""},{""kind"":""topic"",""id"":""grammar-cases-instrumental"",""purpose"":""support""}]","[{""kind"":""predicted-distractor"",""incorrectForm"":""płacę z kartą"",""guidanceEn"":""No preposition here: the means of payment is a bare Instrumental, płacę kartą (I'm paying by card).""}]",approved,solo-maintainer-reference-backed,reference-verification:accept > editorial-review:accept > product-approval:accept > correction:accept > editorial-review:changes-requested > editorial-review:accept > product-approval:accept,,false
vp-l-placic-d709669437d2,płacić,false,imperfective,,vp-m-placic-pay-dd4705572184,pay,vp-p-placic-pay-za-accusative-goods-73c6760c091d,lexical-frame,"[{""type"":""preposition-case"",""preposition"":""za"",""case"":""accusative"",""required"":true,""role"":""target""}]",preposition-case,accusative,za,A1,A2,active-production,vp-e-placic-pay-za-accusative-goods-how-much-for-everything-dd5e5c88cfd4,Płacę za kawę i gazetę.,I am paying for a coffee and a newspaper.,editorial-generated,,"[{""kind"":""card"",""id"":""a1-numbers-prices-015"",""purpose"":""support""},{""kind"":""topic"",""id"":""grammar-cases-accusative"",""purpose"":""support""}]",[],approved,solo-maintainer-reference-backed,reference-verification:accept > editorial-review:accept > product-approval:accept > correction:accept > editorial-review:changes-requested > editorial-review:accept > product-approval:accept,,false
vp-l-podobac-sie-26084690c7ca,podobać się,true,imperfective,,vp-m-podobac-sie-appeal-to-a74665181e3f,like (something appeals to someone),vp-p-podobac-sie-appeal-to-nominative-stimulus-dative-experiencer-ef199e675ee9,subject-experiencer,"[{""type"":""case"",""case"":""nominative"",""required"":true,""role"":""subject""},{""type"":""case"",""case"":""dative"",""required"":true,""role"":""experiencer""}]",case|case,nominative|dative,|,A2,A2,active-production,vp-e-podobac-sie-appeal-to-nominative-stimulus-dative-experiencer-honest-opinion-about-the-film-c11dccc4e223,"Szczerze mówiąc, nie podoba mi się ten film.","To be honest, I don't like this movie.",repository-reuse,card:b1-expressing-opinions-004:ex,"[{""kind"":""card"",""id"":""a1-first-verbs-018"",""purpose"":""contrast""},{""kind"":""card"",""id"":""b1-culture-entertainment-021"",""purpose"":""support""},{""kind"":""card"",""id"":""b1-expressing-opinions-004"",""purpose"":""support""},{""kind"":""topic"",""id"":""grammar-cases-dative"",""purpose"":""support""}]","[{""kind"":""predicted-distractor"",""incorrectForm"":""podobam ten film"",""guidanceEn"":""The thing liked is the subject and the person is Dative: ten film mi się podoba (I like this film).""}]",approved,solo-maintainer-reference-backed,reference-verification:accept > editorial-review:accept > product-approval:accept > correction:accept > editorial-review:changes-requested > editorial-review:accept > product-approval:accept,,false
vp-l-pomagac-54633912de9a,pomagać,false,imperfective,,vp-m-pomagac-assist-a4c05bbfc25c,help | assist,vp-p-pomagac-assist-dative-recipient-9f0a375c5e81,lexical-frame,"[{""type"":""case"",""case"":""dative"",""required"":true,""role"":""recipient""}]",case,dative,,A1,A1,active-production,vp-e-pomagac-assist-dative-recipient-helping-a-neighbour-da22c7a69e27,Często pomagam sąsiadce.,I often help my neighbour.,editorial-generated,,"[{""kind"":""card"",""id"":""a1-first-verbs-022"",""purpose"":""support""},{""kind"":""drill"",""id"":""grammar-cases-dative-003"",""purpose"":""practice""},{""kind"":""topic"",""id"":""grammar-cases-dative"",""purpose"":""support""}]","[{""kind"":""predicted-distractor"",""incorrectForm"":""pomagam mamę"",""guidanceEn"":""The person helped is Dative, not Accusative: pomagam mamie (I help my mum).""}]",approved,solo-maintainer-reference-backed,reference-verification:accept > editorial-review:accept > product-approval:accept > correction:accept > editorial-review:changes-requested > editorial-review:accept > product-approval:accept,,false
vp-l-pomagac-54633912de9a,pomagać,false,imperfective,,vp-m-pomagac-assist-a4c05bbfc25c,help | assist,vp-p-pomagac-assist-dative-recipient-w-locative-area-1e507dcdb869,lexical-frame,"[{""type"":""case"",""case"":""dative"",""required"":true,""role"":""recipient""},{""type"":""preposition-case"",""preposition"":""w"",""case"":""locative"",""required"":true,""role"":""topic""}]",case|preposition-case,dative|locative,|w,A2,A2,active-production,vp-e-pomagac-assist-dative-recipient-w-locative-area-helping-with-maths-adfee546f29a,Pomagam bratu w matematyce.,I help my brother with maths.,editorial-generated,,"[{""kind"":""drill"",""id"":""grammar-cases-dative-003"",""purpose"":""practice""},{""kind"":""topic"",""id"":""grammar-cases-locative"",""purpose"":""support""}]",[],approved,solo-maintainer-reference-backed,reference-verification:accept > editorial-review:accept > product-approval:accept > correction:accept > editorial-review:changes-requested > editorial-review:accept > product-approval:accept,,false
vp-l-potrzebowac-8b78ee8b092d,potrzebować,false,imperfective,,vp-m-potrzebowac-need-1112b46d1be1,need,vp-p-potrzebowac-need-genitive-object-437fafad17d2,lexical-frame,"[{""type"":""case"",""case"":""genitive"",""required"":true,""role"":""object""}]",case,genitive,,A1,A2,active-production,vp-e-potrzebowac-need-genitive-object-certificate-from-work-9bb3306bf0ee,Potrzebuję zaświadczenia z pracy.,I need a certificate from work.,repository-reuse,card:a2-official-matters-019:ex,"[{""kind"":""card"",""id"":""a2-pharmacy-002"",""purpose"":""support""},{""kind"":""drill"",""id"":""people-numbers-comparison-003"",""purpose"":""practice""},{""kind"":""topic"",""id"":""grammar-cases-genitive"",""purpose"":""support""}]","[{""kind"":""predicted-distractor"",""incorrectForm"":""potrzebuję zaświadczenie"",""guidanceEn"":""Potrzebować takes the Genitive: potrzebuję zaświadczenia (I need a certificate).""}]",approved,solo-maintainer-reference-backed,reference-verification:accept > editorial-review:accept > product-approval:accept > correction:accept > editorial-review:changes-requested > editorial-review:accept > product-approval:accept,,false
vp-l-prosic-82f143d28483,prosić,false,imperfective,,vp-m-prosic-request-12aaa8159096,ask for | request,vp-p-prosic-request-accusative-person-o-accusative-thing-b7a8d9ce1a99,lexical-frame,"[{""type"":""case"",""case"":""accusative"",""required"":true,""role"":""interlocutor""},{""type"":""preposition-case"",""preposition"":""o"",""case"":""accusative"",""required"":true,""role"":""target""}]",case|preposition-case,accusative|accusative,|o,A2,B1,active-production,vp-e-prosic-request-accusative-person-o-accusative-thing-asking-the-boss-for-a-raise-edec4ed77571,Będę prosić szefa o podwyżkę.,I will ask my boss for a raise.,repository-reuse,card:b1-career-006:ex,"[{""kind"":""card"",""id"":""a2-restaurant-012"",""purpose"":""support""},{""kind"":""topic"",""id"":""grammar-cases-accusative"",""purpose"":""support""}]","[{""kind"":""predicted-distractor"",""incorrectForm"":""proszę mamie o pomoc"",""guidanceEn"":""The person asked is Accusative, not Dative: proszę mamę o pomoc (I ask my mum for help).""}]",approved,solo-maintainer-reference-backed,reference-verification:accept > editorial-review:accept > product-approval:accept > correction:accept > editorial-review:changes-requested > editorial-review:accept > product-approval:accept,,false
vp-l-prosic-82f143d28483,prosić,false,imperfective,,vp-m-prosic-request-12aaa8159096,ask for | request,vp-p-prosic-request-o-accusative-request-06d776fbfd20,lexical-frame,"[{""type"":""preposition-case"",""preposition"":""o"",""case"":""accusative"",""required"":true,""role"":""target""}]",preposition-case,accusative,o,A1,A2,active-production,vp-e-prosic-request-o-accusative-request-passport-please-37568555b13c,Proszę o paszport.,"Your passport, please.",repository-reuse,card:a2-official-matters-007:ex,"[{""kind"":""card"",""id"":""a2-restaurant-012"",""purpose"":""support""},{""kind"":""drill"",""id"":""politeness-conditional-004"",""purpose"":""practice""},{""kind"":""topic"",""id"":""grammar-cases-accusative"",""purpose"":""support""}]",[],approved,solo-maintainer-reference-backed,reference-verification:accept > editorial-review:accept > product-approval:accept > correction:accept > editorial-review:changes-requested > editorial-review:accept > product-approval:accept,,false
vp-l-pytac-0410b0f88718,pytać,false,imperfective,,vp-m-pytac-ask-for-information-edc2b66ff9d6,ask | ask about,vp-p-pytac-ask-for-information-accusative-person-o-accusative-topic-841b41ed735a,lexical-frame,"[{""type"":""case"",""case"":""accusative"",""required"":true,""role"":""interlocutor""},{""type"":""preposition-case"",""preposition"":""o"",""case"":""accusative"",""required"":true,""role"":""topic""}]",case|preposition-case,accusative|accusative,|o,A2,B1,active-production,vp-e-pytac-ask-for-information-accusative-person-o-accusative-topic-asking-a-friend-about-a-restaurant-4e51f8927a78,Pytam koleżankę o nową restaurację.,I am asking my friend about the new restaurant.,editorial-generated,,"[{""kind"":""topic"",""id"":""grammar-cases-accusative"",""purpose"":""support""}]","[{""kind"":""predicted-distractor"",""incorrectForm"":""pytam mamie o adres"",""guidanceEn"":""The person asked is Accusative: pytam mamę o adres (I ask my mum for the address).""}]",approved,solo-maintainer-reference-backed,reference-verification:accept > editorial-review:accept > product-approval:accept > correction:accept > editorial-review:changes-requested > editorial-review:accept > product-approval:accept,,false
vp-l-pytac-0410b0f88718,pytać,false,imperfective,,vp-m-pytac-ask-for-information-edc2b66ff9d6,ask | ask about,vp-p-pytac-ask-for-information-o-accusative-topic-c89674d989d8,lexical-frame,"[{""type"":""preposition-case"",""preposition"":""o"",""case"":""accusative"",""required"":true,""role"":""topic""}]",preposition-case,accusative,o,A2,A2,active-production,vp-e-pytac-ask-for-information-o-accusative-topic-asking-about-the-price-662fceb895d3,Zawsze pytam o cenę.,I always ask about the price.,editorial-generated,,"[{""kind"":""card"",""id"":""a2-healthcare-appointments-017"",""purpose"":""contrast""},{""kind"":""topic"",""id"":""grammar-cases-accusative"",""purpose"":""support""}]",[],approved,solo-maintainer-reference-backed,reference-verification:accept > editorial-review:accept > product-approval:accept > correction:accept > editorial-review:changes-requested > editorial-review:accept > product-approval:accept,,false
vp-l-rozmawiac-dd7ecc80c231,rozmawiać,false,imperfective,,vp-m-rozmawiac-talk-with-73fae3a5d72c,talk | have a conversation,vp-p-rozmawiac-talk-with-o-locative-topic-b1c59475ac05,lexical-frame,"[{""type"":""preposition-case"",""preposition"":""o"",""case"":""locative"",""required"":true,""role"":""topic""}]",preposition-case,locative,o,A2,A2,active-production,vp-e-rozmawiac-talk-with-o-locative-topic-talking-about-music-94c6280fa290,Zawsze rozmawiamy o muzyce.,We always talk about music.,editorial-generated,,"[{""kind"":""drill"",""id"":""grammar-cases-locative-003"",""purpose"":""practice""},{""kind"":""topic"",""id"":""grammar-cases-locative"",""purpose"":""support""}]",[],approved,solo-maintainer-reference-backed,reference-verification:accept > editorial-review:accept > product-approval:accept > correction:accept > editorial-review:changes-requested > editorial-review:accept > product-approval:accept,,false
vp-l-rozmawiac-dd7ecc80c231,rozmawiać,false,imperfective,,vp-m-rozmawiac-talk-with-73fae3a5d72c,talk | have a conversation,vp-p-rozmawiac-talk-with-z-instrumental-interlocutor-8398fa7449ca,lexical-frame,"[{""type"":""preposition-case"",""preposition"":""z"",""case"":""instrumental"",""required"":true,""role"":""interlocutor""}]",preposition-case,instrumental,z,A2,A2,active-production,vp-e-rozmawiac-talk-with-z-instrumental-interlocutor-talking-to-mum-every-day-e0d2b75493db,Codziennie rozmawiam z mamą.,I talk to my mum every day.,editorial-generated,,"[{""kind"":""drill"",""id"":""grammar-cases-instrumental-005"",""purpose"":""practice""},{""kind"":""topic"",""id"":""grammar-cases-instrumental"",""purpose"":""support""}]",[],approved,solo-maintainer-reference-backed,reference-verification:accept > editorial-review:accept > product-approval:accept > correction:accept > editorial-review:changes-requested > editorial-review:accept > product-approval:accept,,false
vp-l-rozmawiac-dd7ecc80c231,rozmawiać,false,imperfective,,vp-m-rozmawiac-talk-with-73fae3a5d72c,talk | have a conversation,vp-p-rozmawiac-talk-with-z-instrumental-o-locative-4e586b18cf98,lexical-frame,"[{""type"":""preposition-case"",""preposition"":""z"",""case"":""instrumental"",""required"":true,""role"":""interlocutor""},{""type"":""preposition-case"",""preposition"":""o"",""case"":""locative"",""required"":true,""role"":""topic""}]",preposition-case|preposition-case,instrumental|locative,z|o,B1,B1,active-production,vp-e-rozmawiac-talk-with-z-instrumental-o-locative-doctor-about-test-results-6080f6504f29,Rozmawiam z lekarzem o wynikach badań.,I'm talking to the doctor about the test results.,editorial-generated,,"[{""kind"":""topic"",""id"":""grammar-cases-instrumental"",""purpose"":""support""},{""kind"":""topic"",""id"":""grammar-cases-locative"",""purpose"":""support""}]","[{""kind"":""predicted-distractor"",""incorrectForm"":""rozmawiam z pracy"",""guidanceEn"":""Keep the two roles apart: z + Instrumental is the person, o + Locative is the topic.""}]",approved,solo-maintainer-reference-backed,reference-verification:accept > editorial-review:accept > product-approval:accept > editorial-review:changes-requested > editorial-review:accept > product-approval:accept,,false
vp-l-sluchac-301b09233922,słuchać,false,imperfective,,vp-m-sluchac-listen-to-d981b432efa8,listen to,vp-p-sluchac-listen-to-genitive-target-a274f84c8d93,lexical-frame,"[{""type"":""case"",""case"":""genitive"",""required"":true,""role"":""target""}]",case,genitive,,A1,A1,active-production,vp-e-sluchac-listen-to-genitive-target-music-on-the-way-ecf258289d6e,Słucham muzyki w drodze do pracy.,I listen to music on the way to work.,repository-reuse,card:a1-free-time-005:ex,"[{""kind"":""card"",""id"":""a1-free-time-005"",""purpose"":""support""},{""kind"":""topic"",""id"":""grammar-cases-genitive"",""purpose"":""support""}]","[{""kind"":""predicted-distractor"",""incorrectForm"":""słucham muzykę"",""guidanceEn"":""Słuchać takes the Genitive: słucham muzyki (I listen to music).""}]",approved,solo-maintainer-reference-backed,reference-verification:accept > editorial-review:accept > product-approval:accept > correction:accept > editorial-review:changes-requested > editorial-review:accept > product-approval:accept,,false
vp-l-sluchac-301b09233922,słuchać,false,imperfective,,vp-m-sluchac-obey-eb23d8503e9a,obey | do as one is told,vp-p-sluchac-obey-genitive-object-674adae2dec3,lexical-frame,"[{""type"":""case"",""case"":""genitive"",""required"":true,""role"":""object""}]",case,genitive,,B1,,recognition-only,vp-e-sluchac-obey-genitive-object-dog-obeys-its-owner-f1216029cb1b,Ten pies słucha swojego pana.,This dog obeys its owner.,editorial-generated,,"[{""kind"":""card"",""id"":""b1-character-emotions-003"",""purpose"":""contrast""}]",[],approved,solo-maintainer-reference-backed,reference-verification:accept > editorial-review:accept > product-approval:accept > correction:accept > editorial-review:changes-requested > editorial-review:accept > product-approval:accept,,false
vp-l-szukac-0daf5e6b5693,szukać,false,imperfective,,vp-m-szukac-seek-35b07b1cceb1,look for | search for,vp-p-szukac-seek-genitive-target-71dc6eff512c,lexical-frame,"[{""type"":""case"",""case"":""genitive"",""required"":true,""role"":""target""}]",case,genitive,,A1,A1,active-production,vp-e-szukac-seek-genitive-target-looking-for-cafe-efdccf7a5ba6,Szukam dobrej kawiarni.,I am looking for a good café.,repository-reuse,card:a1-first-verbs-020:ex,"[{""kind"":""card"",""id"":""a1-first-verbs-020"",""purpose"":""support""},{""kind"":""drill"",""id"":""grammar-cases-genitive-014"",""purpose"":""practice""},{""kind"":""topic"",""id"":""grammar-cases-genitive"",""purpose"":""support""}]","[{""kind"":""predicted-distractor"",""incorrectForm"":""szukam kawiarnię"",""guidanceEn"":""Szukać takes the Genitive, not the Accusative: szukam kawiarni (I'm looking for a café).""}]",approved,solo-maintainer-reference-backed,reference-verification:accept > editorial-review:accept > product-approval:accept > correction:accept > editorial-review:changes-requested > editorial-review:accept > product-approval:accept,,false
vp-l-tesknic-3c9b07c066c3,tęsknić,false,imperfective,,vp-m-tesknic-miss-d796ac98d4f5,miss | long for,vp-p-tesknic-miss-za-instrumental-target-f866502502c7,lexical-frame,"[{""type"":""preposition-case"",""preposition"":""za"",""case"":""instrumental"",""required"":true,""role"":""target""}]",preposition-case,instrumental,za,B1,B1,active-production,vp-e-tesknic-miss-za-instrumental-target-missing-you-b98f2f56ea9f,"Tęsknię za tobą, kiedy wyjeżdżasz.",I miss you when you go away.,repository-reuse,card:b1-relationships-012:ex,"[{""kind"":""card"",""id"":""b1-relationships-012"",""purpose"":""support""},{""kind"":""topic"",""id"":""grammar-cases-instrumental"",""purpose"":""support""}]","[{""kind"":""predicted-distractor"",""incorrectForm"":""tęsknię ciebie"",""guidanceEn"":""Tęsknić needs za with the Instrumental: tęsknię za tobą (I miss you).""}]",approved,solo-maintainer-reference-backed,reference-verification:accept > editorial-review:accept > product-approval:accept > correction:accept > editorial-review:changes-requested > editorial-review:accept > product-approval:accept,,false
vp-l-uczyc-sie-a01d00cb7f2f,uczyć się,true,imperfective,,vp-m-uczyc-sie-study-bd96ff26cc60,learn | study,vp-p-uczyc-sie-study-genitive-subject-matter-44c5fdb95dd7,lexical-frame,"[{""type"":""case"",""case"":""genitive"",""required"":true,""role"":""content""}]",case,genitive,,A1,A2,active-production,vp-e-uczyc-sie-study-genitive-subject-matter-polish-for-a-year-180cd560a0ec,Uczę się polskiego od roku.,I have been learning Polish for a year.,repository-reuse,card:a1-about-me-004:ex,"[{""kind"":""card"",""id"":""a2-work-education-007"",""purpose"":""support""},{""kind"":""drill"",""id"":""verbs-reflexive-005"",""purpose"":""practice""},{""kind"":""topic"",""id"":""verbs-reflexive"",""purpose"":""support""}]","[{""kind"":""predicted-distractor"",""incorrectForm"":""uczę się polski"",""guidanceEn"":""Use the Genitive: uczę się polskiego (I'm learning Polish).""},{""kind"":""predicted-distractor"",""incorrectForm"":""uczę polskiego"",""guidanceEn"":""Keep się: uczyć się is learning, uczyć is teaching someone else.""}]",approved,solo-maintainer-reference-backed,reference-verification:accept > editorial-review:accept > product-approval:accept > correction:accept > editorial-review:changes-requested > editorial-review:accept > product-approval:accept,,false
vp-l-uczyc-sie-a01d00cb7f2f,uczyć się,true,imperfective,,vp-m-uczyc-sie-study-bd96ff26cc60,learn | study,vp-p-uczyc-sie-study-infinitive-skill-ab708776387e,lexical-frame,"[{""type"":""infinitive"",""required"":true,""role"":""content""}]",infinitive,,,A2,B1,active-production,vp-e-uczyc-sie-study-infinitive-skill-learning-guitar-fc75e418733b,Uczę się grać na gitarze.,I am learning to play the guitar.,repository-reuse,card:a1-free-time-007:ex,"[{""kind"":""card"",""id"":""a1-free-time-007"",""purpose"":""support""}]",[],approved,solo-maintainer-reference-backed,reference-verification:accept > editorial-review:accept > product-approval:accept > correction:accept > editorial-review:changes-requested > editorial-review:accept > product-approval:accept,,false
vp-l-ufac-6a061471e40a,ufać,false,imperfective,,vp-m-ufac-trust-92b1bdb490f0,trust,vp-p-ufac-trust-dative-object-10988adac8cd,lexical-frame,"[{""type"":""case"",""case"":""dative"",""required"":true,""role"":""object""}]",case,dative,,B1,B1,active-production,vp-e-ufac-trust-dative-object-trusting-my-teacher-618816d6a6ea,Ufam swojej nauczycielce.,I trust my teacher.,editorial-generated,,"[{""kind"":""card"",""id"":""b1-relationships-018"",""purpose"":""support""},{""kind"":""topic"",""id"":""grammar-cases-dative"",""purpose"":""support""}]","[{""kind"":""predicted-distractor"",""incorrectForm"":""ufam mojego brata"",""guidanceEn"":""Ufać takes the Dative, not the Accusative: ufam mojemu bratu (I trust my brother).""}]",approved,solo-maintainer-reference-backed,reference-verification:accept > editorial-review:accept > product-approval:accept > correction:accept > editorial-review:changes-requested > editorial-review:accept > product-approval:accept,,false
vp-l-uzywac-a617dcf0b2fc,używać,false,imperfective,,vp-m-uzywac-use-bf360f430fed,use,vp-p-uzywac-use-genitive-object-2c5cb44fe85d,lexical-frame,"[{""type"":""case"",""case"":""genitive"",""required"":true,""role"":""object""}]",case,genitive,,A2,A2,active-production,vp-e-uzywac-use-genitive-object-using-an-app-4ea0e75b504a,Używam tej aplikacji do nauki języków.,I use this app for learning languages.,repository-reuse,card:b1-media-technology-001:ex,"[{""kind"":""card"",""id"":""a2-ecology-024"",""purpose"":""support""},{""kind"":""topic"",""id"":""grammar-cases-genitive"",""purpose"":""support""}]","[{""kind"":""predicted-distractor"",""incorrectForm"":""używam tę aplikację"",""guidanceEn"":""Używać takes the Genitive: używam tej aplikacji (I use this app).""}]",approved,solo-maintainer-reference-backed,reference-verification:accept > editorial-review:accept > product-approval:accept > correction:accept > editorial-review:changes-requested > editorial-review:accept > product-approval:accept,,false
vp-l-widziec-59dbe12f8b3d,widzieć,false,imperfective,,vp-m-widziec-perceive-visually-65710cb07f86,see,vp-p-widziec-perceive-visually-accusative-object-80b697e51432,lexical-frame,"[{""type"":""case"",""case"":""accusative"",""required"":true,""role"":""object""}]",case,accusative,,A1,A1,active-production,vp-e-widziec-perceive-visually-accusative-object-saw-your-sister-ec51af47f224,Czy widzisz tę czerwoną torbę?,Do you see that red bag?,editorial-generated,,"[{""kind"":""card"",""id"":""a2-describing-past-005"",""purpose"":""support""},{""kind"":""drill"",""id"":""grammar-cases-accusative-002"",""purpose"":""practice""},{""kind"":""topic"",""id"":""grammar-cases-accusative"",""purpose"":""support""}]",[],approved,solo-maintainer-reference-backed,reference-verification:accept > editorial-review:accept > product-approval:accept > correction:accept > editorial-review:changes-requested > editorial-review:accept > product-approval:accept,,false
vp-l-wierzyc-171eb7790262,wierzyć,false,imperfective,,vp-m-wierzyc-have-trust-0a6cbf4eee17,believe (someone) | believe in (someone or something),vp-p-wierzyc-have-trust-dative-object-f38bb3e72123,lexical-frame,"[{""type"":""case"",""case"":""dative"",""required"":true,""role"":""object""}]",case,dative,,A2,B1,active-production,vp-e-wierzyc-have-trust-dative-object-believing-a-friend-b65c5d71b199,"Wierzę koleżance, bo nigdy nie kłamie.",I believe my friend because she never lies.,editorial-generated,,"[{""kind"":""drill"",""id"":""grammar-cases-dative-008"",""purpose"":""practice""},{""kind"":""topic"",""id"":""grammar-cases-dative"",""purpose"":""support""}]","[{""kind"":""predicted-distractor"",""incorrectForm"":""nie wierzę go"",""guidanceEn"":""Wierzyć takes the Dative: nie wierzę mu (I don't believe him).""}]",approved,solo-maintainer-reference-backed,reference-verification:accept > editorial-review:accept > product-approval:accept > correction:accept > editorial-review:changes-requested > editorial-review:accept > product-approval:accept,,false
vp-l-wierzyc-171eb7790262,wierzyć,false,imperfective,,vp-m-wierzyc-have-trust-0a6cbf4eee17,believe (someone) | believe in (someone or something),vp-p-wierzyc-have-trust-w-accusative-target-6561408ea8d1,lexical-frame,"[{""type"":""preposition-case"",""preposition"":""w"",""case"":""accusative"",""required"":true,""role"":""target""}]",preposition-case,accusative,w,B1,B1,active-production,vp-e-wierzyc-have-trust-w-accusative-target-believing-in-the-team-9695f1faa84b,Trener wierzy w tę drużynę.,The coach believes in this team.,editorial-generated,,"[{""kind"":""topic"",""id"":""grammar-cases-accusative"",""purpose"":""support""}]",[],approved,solo-maintainer-reference-backed,reference-verification:accept > editorial-review:accept > product-approval:accept > correction:accept > editorial-review:changes-requested > editorial-review:accept > product-approval:accept,,false
vp-l-zajmowac-sie-176f8a1300f8,zajmować się,true,imperfective,,vp-m-zajmowac-sie-look-after-person-b23fbb8fc99b,look after | take care of,vp-p-zajmowac-sie-look-after-person-instrumental-object-6f93facbd939,lexical-frame,"[{""type"":""case"",""case"":""instrumental"",""required"":true,""role"":""object""}]",case,instrumental,,B1,,recognition-only,vp-e-zajmowac-sie-look-after-person-instrumental-object-looking-after-my-sisters-daughter-1976cdf5b971,"Kiedy siostra jest w pracy, zajmuję się jej córką.","When my sister is at work, I look after her daughter.",editorial-generated,,"[{""kind"":""topic"",""id"":""grammar-cases-instrumental"",""purpose"":""support""}]",[],approved,solo-maintainer-reference-backed,reference-verification:accept > editorial-review:accept > product-approval:accept,,false
vp-l-zajmowac-sie-176f8a1300f8,zajmować się,true,imperfective,,vp-m-zajmowac-sie-occupation-activity-7e3a8332a3bc,do (as an activity or job) | deal with,vp-p-zajmowac-sie-occupation-activity-instrumental-topic-3321df3f989e,lexical-frame,"[{""type"":""case"",""case"":""instrumental"",""required"":true,""role"":""topic""}]",case,instrumental,,A2,B1,active-production,vp-e-zajmowac-sie-occupation-activity-instrumental-topic-dad-repairs-computers-1ad6678e41cb,Mój tata zajmuje się naprawą komputerów.,My dad works in computer repair.,editorial-generated,,"[{""kind"":""topic"",""id"":""grammar-cases-instrumental"",""purpose"":""support""}]","[{""kind"":""predicted-distractor"",""incorrectForm"":""zajmuję się o marketing"",""guidanceEn"":""No preposition: use the bare Instrumental, zajmuję się marketingiem (I work in marketing).""}]",approved,solo-maintainer-reference-backed,reference-verification:accept > editorial-review:accept > product-approval:accept > correction:accept > editorial-review:changes-requested > editorial-review:accept > product-approval:accept,,false
vp-l-zalezec-679daa27f9be,zależeć,false,imperfective,,vp-m-zalezec-depend-on-d640b1729639,depend on,vp-p-zalezec-depend-on-od-genitive-source-1ad29f7a1318,lexical-frame,"[{""type"":""preposition-case"",""preposition"":""od"",""case"":""genitive"",""required"":true,""role"":""topic""}]",preposition-case,genitive,od,B1,B1,active-production,vp-e-zalezec-depend-on-od-genitive-source-plans-depend-on-the-weather-e539ac27be66,Nasze plany zależą od pogody.,Our plans depend on the weather.,editorial-generated,,"[{""kind"":""card"",""id"":""b1-expressing-opinions-013"",""purpose"":""support""},{""kind"":""topic"",""id"":""grammar-cases-genitive"",""purpose"":""support""}]",[],approved,solo-maintainer-reference-backed,reference-verification:accept > editorial-review:accept > product-approval:accept > correction:accept > editorial-review:changes-requested > editorial-review:accept > product-approval:accept,,false
vp-l-zalezec-679daa27f9be,zależeć,false,imperfective,,vp-m-zalezec-matter-to-someone-e7bf97e3c145,care about | it matters to someone,vp-p-zalezec-matter-to-someone-dative-experiencer-na-locative-1fc4131471cc,lexical-frame,"[{""type"":""case"",""case"":""dative"",""required"":true,""role"":""experiencer""},{""type"":""preposition-case"",""preposition"":""na"",""case"":""locative"",""required"":true,""role"":""topic""}]",case|preposition-case,dative|locative,|na,B1,,recognition-only,vp-e-zalezec-matter-to-someone-dative-experiencer-na-locative-this-job-matters-to-me-49c780e0667f,Bardzo mi zależy na tej pracy.,This job really matters to me.,editorial-generated,,"[{""kind"":""drill"",""id"":""building-sentences-so-that-007"",""purpose"":""practice""},{""kind"":""topic"",""id"":""grammar-cases-locative"",""purpose"":""support""}]",[],approved,solo-maintainer-reference-backed,reference-verification:accept > editorial-review:accept > product-approval:accept > editorial-review:changes-requested > editorial-review:accept > product-approval:accept,,false
vp-l-znac-a4c921e7688c,znać,false,imperfective,,vp-m-znac-be-acquainted-with-54b71d59f073,"know (a person, place or fact)",vp-p-znac-be-acquainted-with-accusative-object-379e19b36299,lexical-frame,"[{""type"":""case"",""case"":""accusative"",""required"":true,""role"":""object""}]",case,accusative,,A1,A1,active-production,vp-e-znac-be-acquainted-with-accusative-object-know-this-restaurant-966b2c8de5a3,Czy znasz tę restaurację?,Do you know this restaurant?,repository-reuse,card:a1-first-verbs-012:ex,"[{""kind"":""card"",""id"":""a1-first-verbs-012"",""purpose"":""support""},{""kind"":""drill"",""id"":""grammar-cases-accusative-005"",""purpose"":""practice""},{""kind"":""topic"",""id"":""building-sentences-negation"",""purpose"":""contrast""},{""kind"":""topic"",""id"":""grammar-cases-accusative"",""purpose"":""support""}]",[],approved,solo-maintainer-reference-backed,reference-verification:accept > editorial-review:accept > product-approval:accept > correction:accept > editorial-review:changes-requested > editorial-review:accept > product-approval:accept,,false
vp-l-znalezc-eec53e19f1a0,znaleźć,false,perfective,,vp-m-znalezc-find-8a0f0f34b6e8,find,vp-p-znalezc-find-accusative-object-d80c52211462,lexical-frame,"[{""type"":""case"",""case"":""accusative"",""required"":true,""role"":""object""}]",case,accusative,,A2,B1,active-production,vp-e-znalezc-find-accusative-object-finally-found-a-flat-3609f7a71e3f,W końcu znalazłam nową pracę.,I finally found a new job.,editorial-generated,,"[{""kind"":""card"",""id"":""a1-first-verbs-020"",""purpose"":""contrast""},{""kind"":""card"",""id"":""b1-media-technology-014"",""purpose"":""support""},{""kind"":""topic"",""id"":""grammar-cases-accusative"",""purpose"":""support""}]","[{""kind"":""predicted-distractor"",""incorrectForm"":""znaleźć mieszkania"",""guidanceEn"":""Znaleźć takes the Accusative: znaleźć mieszkanie (to find a flat). Only szukać uses the Genitive.""}]",approved,solo-maintainer-reference-backed,reference-verification:accept > editorial-review:accept > product-approval:accept > correction:accept > editorial-review:changes-requested > editorial-review:accept > product-approval:accept,,false
