"option_id","type","channel","audience_fit","likely_message","required_asset","current_readiness","risk","founder_effort","measurement_method","attributable_today","maintenance_cost","provisional_budget","blocked_today","rank","external_research_required","notes"
"G-01","organic","Search","highest","none needed; the pages are the message","High-intent generated pages for everyday-life topics (SEO S-2); stronger homepage title and description (S-1)","partial","low","moderate one-off, near-zero ongoing","Search Console: Google Search impressions, clicks, queries, indexing, link discovery","yes - Search Console genuinely measures this channel","low","none","partly","1","yes","Compounds over time; content library is already the asset; the only channel Search Console genuinely measures; main risk is thin content if A1/A2 pages are generated indiscriminately"
"G-02","organic","Polish-learning communities","high","resource-sharing in reply to specific questions, not broadcast","Deep links to relevant generated pages - these already exist","ready","medium","ongoing, low per instance","None available - no platform-side reporting for a link in a thread and no site-side measurement; judgement only","no","ongoing presence expected","none","no","2","yes","The only channel fully ready today; do not copy identical wording across communities"
"G-03","organic","Expat communities in Poland","highest","Practical Polish for real life in Poland - the locked positioning verbatim","Homepage stating the positioning (not ready); everyday-life pages (do not exist)","not ready","medium","low to moderate","None available unless the group platform reports link clicks","no","ongoing","none","yes","3","yes","Best audience fit is currently least well served by the landing page; blocked on Phase 1"
"G-04","organic","Reddit","high","founder-first: foreigner doing a master's in Poland, built the tool I needed, free, no account, no tracking","Honest founder post; the About page it links to","partial","medium-high","low per post but requires genuine prior participation","Reddit-side post metrics only (views, upvotes, comments)","no - arrivals and completions on this site are not observable","ongoing - comment replies expected","none","partly","4","yes","Self-promotion rules strictly enforced; privacy position and genuinely-free suit Reddit scepticism well"
"G-05","organic","Directories","low-moderate direct; good for backlinks","standard listing","Description, icon (exists), screenshots (do not exist)","partial","low","low, one-off","Listing live by inspection; backlink discovery in Search Console","partly - placement and backlink yes, referral traffic no","near-zero","none to low","no","5","yes","Best effort-to-value ratio; avoid low-quality link-farm directories"
"G-06","organic","International students and universities","high","peer-to-peer: a student built this for students","Founder story; possibly a one-page summary for student offices","partial","low","moderate - institutional contact is slow","Backlink discovery in Search Console once an institutional link exists","partly - backlink yes, arrivals and completions no","low once listed","none","no","6","yes","Durable links with SEO value; institutions may request accessibility or data assurances that cannot currently be given"
"G-07","organic","Creators","high","reciprocal - the listening page already recommends three creators genuinely and without payment","The listening page (exists); disclosure completeness (incomplete, C-020)","partial","medium-high","moderate","Creator-reported figures only, if shared","no","relationship plus keeping recommendations current","none","partly","7","yes","Existing page creates an implicit relationship with three named creators; whether they are aware of their inclusion requires founder confirmation and cannot be determined from the repository; outreach must not imply endorsement"
"G-08","organic","Teachers","high leverage","a free supplementary resource with no account requirement","Explanation of how the app maps to levels - the guide How Po polsku works block (R-4)","not ready","medium","moderate","Teacher-reported use only, if shared","no","relationship maintenance","none","yes","8","recommended","Highest wording risk of any channel: teacher relationships invite endorsement language, which is forbidden until a partnership is settled"
"G-09","organic","Newsletters","potentially high","founder story plus free resource","Founder story; clean landing experience","partial","low","low per placement","Newsletter-reported click count only, if the publisher shares it","no - no referral spike is observable on this site","none","none if editorial","partly","9","yes","Opportunistic; see paid options if sponsorship is involved"
"G-10","organic","Relocation organisations","high, precisely timed","a free no-account resource to pass to clients","One-page partner summary (does not exist); homepage positioning","not ready","low-medium","moderate","Backlink discovery in Search Console if they link publicly","partly - backlink yes, arrivals and completions no","low once established","none","yes","10","yes","They meet the audience at the moment of arrival"
"G-11","organic","LinkedIn","moderate","building-in-public founder narrative, or a resource note for people supporting international staff","Founder post; ideally a partnership-ready one-pager (does not exist)","partial","low","low","LinkedIn-side impressions and clicks only","no","low","none","no","11","recommended","Best used indirectly as a route to relocation organisations and employers rather than to learners"
"G-12","organic","Employers supporting international staff","moderate-high","a zero-cost zero-data-collection resource; privacy position is a procurement advantage","Partner one-pager; clearer data-protection statement","not ready","medium","high","None available - private distribution inside an employer produces no observable signal","no","moderate","none","yes","12","yes","Lowest priority for a one-founder project: highest effort, slowest feedback; may trigger accessibility or DPA requests"
"P-01","paid","Low-cost directory placement","low-moderate","standard listing","Description, icon (exists), screenshots (do not exist)","partial","low","low, one-off","Listing live by inspection; backlink discovery in Search Console","partly - placement and backlink yes, referral traffic no","near-zero","PROVISIONAL 0-50 EUR; many are free","no","1","yes","Mostly free, permanent, no privacy implications; success criterion observable today; pursue regardless of other paid activity"
"P-02","paid","Newsletter or community sponsorship","high, pre-qualified","founder story plus free resource","Short copy block plus social image","partial","low editorially; disclosure mandatory if paid","low per placement","Sponsor-reported clicks. A distinct landing path enables future attribution but counts nothing today","partly - sponsor-reported clicks only; arrivals and completions no","none after placement","PROVISIONAL 50-200 EUR per placement","partly","2","yes","Most privacy-compatible paid option and one of only two whose success criterion is observable today; recommended first if any spend occurs"
"P-03","paid","Boost of a proven founder post","high","the founder story that already performed organically","A post that already performed organically - do not boost an untested post","partial","low-medium","low","Platform-reported clicks and engagement only; no pixel","partly - platform-reported clicks only; arrivals and completions no","comment moderation during run","PROVISIONAL 20-50 EUR total","partly","3","yes","Most defensible first experiment because it tests a message that already worked"
"P-04","paid","Meta campaign targeting foreigners in Poland","highest","the locked positioning stated plainly","Creative on locked positioning; homepage that matches it (not ready)","not ready","low-medium","moderate","Platform-reported clicks and engagement only; no pixel","no - the stated objective needs completion data that does not exist","comment moderation","PROVISIONAL 50-75 EUR","yes","4","yes","Best audience match and doubles as a positioning test; blocked on Phase 1"
"P-05","paid","Search-intent advertising (exact match)","high","specific practical Polish phrases","Landing pages matching each intent - these do not exist yet","not ready","low","active management","Ad-platform click reporting only. Search Console reports Google organic search, not ad referrals or on-site behaviour","no - no conversion pixel, therefore no completion data","active","PROVISIONAL 50-100 EUR with hard daily cap","yes","5","yes","Blocked twice: landing pages do not exist, and conversion tracking conflicts with the privacy position. Same intents are available organically at zero cash cost"
"P-06","paid","Tightly defined creator collaboration","high","agreed brief with a Polish-learning creator","Clear brief; agreed wording","not ready","high","moderate","Creator-reported figures only. A distinct landing path enables future attribution but counts nothing today","no","relationship management","PROVISIONAL 100-300 EUR","yes","6","yes","Highest-risk option and not measurable today. CORRECTION: the earlier categorical rule that a paid experiment must never involve the currently recommended creators is withdrawn. The published disclosure concerns creators paying Po polsku, so a payment from Po polsku to a creator would not make it false. Such a payment would instead require explicit sponsored disclosure, clear separation between editorial recommendation and paid promotion, agreed wording in advance, and a review of whether the personal recommendation remains editorially independent. Involving a currently recommended creator is permissible but raises the disclosure and independence burden"
