provisional_rank,lemma,phase0_rank,phase0_score,provisional_status,cefr_hypothesis,aspect,aspect_partner,aspect_partner_status,reflexive,repository_evidence_summary,coverage_opportunity,representation_fit,motion_flag,meaning_sensitive_flag,phase3_risk,phase3_verification_question,replacement_priority,selection_rationale
1,chcieć,1,38,provisional - Phase 3 verification required,A1,imperfective,,no in-pool partner identified,no,a1-first-verbs-003; verbs-modal-verbs-004,+ infinitive; żeby-clause [infinitive/clause],compatible,no,yes,medium,"Does contemporary evidence support + infinitive; żeby-clause as governed, architecture-compatible learner construction(s) for the scoped meaning(s), rather than free adjuncts or conflated senses?",medium,"Everyday usefulness 5/5; repository-frequency signal 4/5; construction-learning value 5/5; retained for practical utility and a non-duplicative coverage opportunity; score is decision support, not approval."
2,móc,2,28,provisional - Phase 3 verification required,A1,imperfective,,no in-pool partner identified,no,a1-first-verbs-004; verbs-modal-verbs-001,+ infinitive; permission question [infinitive],compatible,no,no,low,"Does contemporary evidence support + infinitive; permission question as governed, architecture-compatible learner construction(s) for the scoped meaning(s), rather than free adjuncts or conflated senses?",low,"Everyday usefulness 5/5; repository-frequency signal 2/5; construction-learning value 3/5; retained for practical utility and a non-duplicative coverage opportunity; score is decision support, not approval."
3,musieć,3,38,provisional - Phase 3 verification required,A1,imperfective,,no in-pool partner identified,no,a1-first-verbs-005; verbs-modal-verbs-002,+ infinitive [infinitive],compatible,no,no,low,"Does contemporary evidence support + infinitive as governed, architecture-compatible learner construction(s) for the scoped meaning(s), rather than free adjuncts or conflated senses?",low,"Everyday usefulness 5/5; repository-frequency signal 4/5; construction-learning value 3/5; retained for practical utility and a non-duplicative coverage opportunity; score is decision support, not approval."
4,robić,4,30,provisional - Phase 3 verification required,A1,imperfective,,no in-pool partner identified,no,a1-first-verbs-008; verbs-aspect-001,Accusative object; robić + activity [accusative],compatible,no,yes,medium,"Does contemporary evidence support Accusative object; robić + activity as governed, architecture-compatible learner construction(s) for the scoped meaning(s), rather than free adjuncts or conflated senses?",medium,"Everyday usefulness 5/5; repository-frequency signal 5/5; construction-learning value 3/5; retained for practical utility and a non-duplicative coverage opportunity; score is decision support, not approval."
5,iść,5,34,provisional - Phase 3 verification required,A1,imperfective,,no in-pool partner identified,no,a1-first-verbs-006; verbs-verbs-of-motion-001,do + Genitive; na + Accusative; infinitive purpose only if supported [preposition+genitive/accusative],probably compatible - verify,yes,yes,high,"Which proposed expressions, if any, are governed for the selected meaning rather than free destination, route, time, or purpose adjuncts?",medium,"Everyday usefulness 5/5; repository-frequency signal 4/5; construction-learning value 5/5; strong practical/repository motion value justifies provisional research, but no adjunct coverage is credited and the family is capped."
6,chodzić,6,35,provisional - Phase 3 verification required,A1,imperfective,,no in-pool partner identified,no,verbs-verbs-of-motion-002; a1-free-time-014,do + Genitive; na + Accusative [preposition+genitive/accusative],probably compatible - verify,yes,yes,high,Does an architecture-compatible governed construction independently justify the slot after ordinary do/na destination and frequency adjuncts are removed?,medium,"Everyday usefulness 5/5; repository-frequency signal 4/5; construction-learning value 5/5; strong practical/repository motion value justifies provisional research, but no adjunct coverage is credited and the family is capped."
7,jechać,7,36,provisional - Phase 3 verification required,A1,imperfective,,no in-pool partner identified,no,a1-first-verbs-007; verbs-verbs-of-motion-003,do + Genitive; Instrumental vehicle [preposition+genitive; instrumental],probably compatible - verify,yes,yes,high,"Is any proposed slot governed, especially the Instrumental vehicle phrase, or is the value primarily lexical motion teaching?",medium,"Everyday usefulness 5/5; repository-frequency signal 5/5; construction-learning value 5/5; strong practical/repository motion value justifies provisional research, but no adjunct coverage is credited and the family is capped."
8,jeździć,8,36,provisional - Phase 3 verification required,A2,imperfective,,no in-pool partner identified,no,verbs-verbs-of-motion-004; a2-ecology-025,do + Genitive; Instrumental vehicle [preposition+genitive; instrumental],probably compatible - verify,yes,yes,high,"Is any proposed case/preposition expression selected rather than a destination, route, frequency, or vehicle adjunct?",medium,"Everyday usefulness 5/5; repository-frequency signal 4/5; construction-learning value 5/5; strong practical/repository motion value justifies provisional research, but no adjunct coverage is credited and the family is capped."
9,dojść,9,36,provisional - Phase 3 verification required,A2,perfective,,no in-pool partner identified,no,a1-directions-014; verbs-motion-prefixes-005,do + Genitive; dojść do + result/conclusion [preposition+genitive],probably compatible - verify,yes,yes,high,"Does contemporary evidence support the abstract result/conclusion do + Genitive frame, separately from literal destination motion?",medium,"Everyday usefulness 5/5; repository-frequency signal 5/5; construction-learning value 5/5; strong practical/repository motion value justifies provisional research, but no adjunct coverage is credited and the family is capped."
10,dojechać,10,39,provisional - Phase 3 verification required,A2,perfective,,no in-pool partner identified,no,a2-directions-orientation-001; scenarios-city-transport,do + Genitive; Instrumental vehicle [preposition+genitive; instrumental],probably compatible - verify,yes,no,high,"Is the endpoint expression governed/selective, and is Instrumental vehicle only a free adjunct?",medium,"Everyday usefulness 5/5; repository-frequency signal 5/5; construction-learning value 5/5; strong practical/repository motion value justifies provisional research, but no adjunct coverage is credited and the family is capped."
11,rozumieć,11,37,provisional - Phase 3 verification required,A1,imperfective,,no in-pool partner identified,no,a1-first-verbs-010; verbs-present-tense,Accusative content/person; clause [accusative/clause],compatible,no,yes,medium,"Does contemporary evidence support Accusative content/person; clause as governed, architecture-compatible learner construction(s) for the scoped meaning(s), rather than free adjuncts or conflated senses?",medium,"Everyday usefulness 5/5; repository-frequency signal 3/5; construction-learning value 5/5; retained for practical utility and a non-duplicative coverage opportunity; score is decision support, not approval."
12,wiedzieć,12,37,provisional - Phase 3 verification required,A1,imperfective,,no in-pool partner identified,no,a1-first-verbs-011; verbs-present-tense-007,że/czy/interrogative clause [clause],compatible,no,no,low,"Does contemporary evidence support że/czy/interrogative clause as governed, architecture-compatible learner construction(s) for the scoped meaning(s), rather than free adjuncts or conflated senses?",low,"Everyday usefulness 5/5; repository-frequency signal 4/5; construction-learning value 5/5; retained for practical utility and a non-duplicative coverage opportunity; score is decision support, not approval."
13,jeść,13,36,provisional - Phase 3 verification required,A1,imperfective,,no in-pool partner identified,no,a1-first-verbs-013; verbs-aspect-005,Accusative object; Genitive under negation is grammar-owned [accusative],compatible,no,no,low,"Does contemporary evidence support Accusative object; Genitive under negation is grammar-owned as governed, architecture-compatible learner construction(s) for the scoped meaning(s), rather than free adjuncts or conflated senses?",low,"Everyday usefulness 5/5; repository-frequency signal 4/5; construction-learning value 3/5; retained for practical utility and a non-duplicative coverage opportunity; score is decision support, not approval."
14,pić,14,35,provisional - Phase 3 verification required,A1,imperfective,,no in-pool partner identified,no,a1-first-verbs-014,Accusative object [accusative],compatible,no,no,low,"Does contemporary evidence support Accusative object as governed, architecture-compatible learner construction(s) for the scoped meaning(s), rather than free adjuncts or conflated senses?",low,"Everyday usefulness 5/5; repository-frequency signal 3/5; construction-learning value 3/5; retained for practical utility and a non-duplicative coverage opportunity; score is decision support, not approval."
15,kupować,15,40,provisional - Phase 3 verification required,A1,imperfective,kupić,selected provisional,no,a1-first-verbs-015; a2-ecology-021,Accusative goods; dla + Genitive beneficiary [accusative; preposition+genitive],probably compatible - verify,no,yes,medium,"Does contemporary evidence support Accusative goods; dla + Genitive beneficiary for kupować, and does kupować independently justify a slot apart from kupić without pattern inheritance?",medium,Everyday usefulness 5/5; repository-frequency signal 4/5; construction-learning value 5/5; provisionally clears the independent aspect-value test; Phase 3 must confirm the extra slot beats opportunity cost.
16,kupić,16,39,provisional - Phase 3 verification required,A1,perfective,kupować,selected provisional,no,grammar-cases-dative-013; a2-food-shopping-004,Accusative goods; Dative recipient in give/buy-for contexts only if supported [accusative/dative],probably compatible - verify,no,yes,medium,"Does contemporary evidence support Accusative goods; Dative recipient in give/buy-for contexts only if supported for kupić, and does kupić independently justify a slot apart from kupować without pattern inheritance?",medium,Everyday usefulness 5/5; repository-frequency signal 5/5; construction-learning value 5/5; provisionally clears the independent aspect-value test; Phase 3 must confirm the extra slot beats opportunity cost.
17,mieszkać,17,40,provisional - Phase 3 verification required,A1,imperfective,,no in-pool partner identified,no,a1-first-verbs-016; verbs-present-tense-001,w + Locative; z + Instrumental co-resident [preposition+locative/instrumental],probably compatible - verify,no,yes,medium,"Does contemporary evidence support w + Locative; z + Instrumental co-resident as governed, architecture-compatible learner construction(s) for the scoped meaning(s), rather than free adjuncts or conflated senses?",medium,"Everyday usefulness 5/5; repository-frequency signal 4/5; construction-learning value 5/5; retained for practical utility and a non-duplicative coverage opportunity; score is decision support, not approval."
18,pracować,18,36,provisional - Phase 3 verification required,A1,imperfective,,no in-pool partner identified,no,a1-first-verbs-017; verbs-future-tense-002,nad + Instrumental and w + Locative only if verified; jako + Nominative is outside the locked model [preposition+locative/instrumental; jako+Nominative not representable],model-fit concern,no,yes,critical,"Is there an independently useful governed nad + Instrumental or other architecture-compatible frame, once jako + Nominative and ordinary work-location adjuncts are excluded?",high,"Everyday usefulness 5/5; repository-frequency signal 4/5; construction-learning value 5/5; retained only to research an independently useful compatible hypothesis, with the incompatible core use excluded."
19,kochać,19,38,provisional - Phase 3 verification required,A1,imperfective,,no in-pool partner identified,no,a1-first-verbs-019; grammar-cases-accusative-007,Accusative person/thing [accusative],compatible,no,no,low,"Does contemporary evidence support Accusative person/thing as governed, architecture-compatible learner construction(s) for the scoped meaning(s), rather than free adjuncts or conflated senses?",low,"Everyday usefulness 5/5; repository-frequency signal 4/5; construction-learning value 3/5; retained for practical utility and a non-duplicative coverage opportunity; score is decision support, not approval."
20,dawać,20,34,provisional - Phase 3 verification required,A2,imperfective,dać,selected provisional,no,grammar-cases-dative-001; a2-holidays-traditions-007,Dative recipient + Accusative thing [dative+accusative],compatible,no,no,medium,"Does contemporary evidence support Dative recipient + Accusative thing for dawać, and does dawać independently justify a slot apart from dać without pattern inheritance?",medium,Everyday usefulness 5/5; repository-frequency signal 2/5; construction-learning value 5/5; provisionally clears the independent aspect-value test; Phase 3 must confirm the extra slot beats opportunity cost.
21,dać,21,30,provisional - Phase 3 verification required,A2,perfective,dawać,selected provisional,no,grammar-cases-dative-002; verbs-motion-prefixes-012,Dative recipient + Accusative thing [dative+accusative],compatible,no,yes,medium,"Does contemporary evidence support Dative recipient + Accusative thing for dać, and does dać independently justify a slot apart from dawać without pattern inheritance?",medium,Everyday usefulness 4/5; repository-frequency signal 3/5; construction-learning value 5/5; provisionally clears the independent aspect-value test; Phase 3 must confirm the extra slot beats opportunity cost.
22,brać,22,31,provisional - Phase 3 verification required,A2,imperfective,wziąć,selected provisional,no,a1-morning-routine-005; scenarios-pharmacy,Accusative object; brać udział w + Locative as separate meaning [accusative; preposition+locative],compatible,no,yes,medium,"Does contemporary evidence support Accusative object; brać udział w + Locative as separate meaning for brać, and does brać independently justify a slot apart from wziąć without pattern inheritance?",medium,Everyday usefulness 4/5; repository-frequency signal 5/5; construction-learning value 5/5; provisionally clears the independent aspect-value test; Phase 3 must confirm the extra slot beats opportunity cost.
23,wziąć,23,29,provisional - Phase 3 verification required,A2,perfective,brać,selected provisional,no,a2-restaurant-019; scenarios-gym,Accusative object; wziąć udział w + Locative [accusative; preposition+locative],compatible,no,yes,medium,"Does contemporary evidence support Accusative object; wziąć udział w + Locative for wziąć, and does wziąć independently justify a slot apart from brać without pattern inheritance?",medium,Everyday usefulness 4/5; repository-frequency signal 4/5; construction-learning value 5/5; provisionally clears the independent aspect-value test; Phase 3 must confirm the extra slot beats opportunity cost.
24,czytać,24,35,provisional - Phase 3 verification required,A1,imperfective,przeczytać,selected provisional,no,a1-free-time-003; verbs-aspect-004,Accusative text [accusative],compatible,no,no,medium,"Does contemporary evidence support Accusative text for czytać, and does czytać independently justify a slot apart from przeczytać without pattern inheritance?",medium,Everyday usefulness 4/5; repository-frequency signal 4/5; construction-learning value 3/5; provisionally clears the independent aspect-value test; Phase 3 must confirm the extra slot beats opportunity cost.
25,przeczytać,25,31,provisional - Phase 3 verification required,A2,perfective,czytać,selected provisional,no,verbs-past-tense; verbs-aspect,Accusative text [accusative],compatible,no,no,medium,"Does contemporary evidence support Accusative text for przeczytać, and does przeczytać independently justify a slot apart from czytać without pattern inheritance?",medium,Everyday usefulness 4/5; repository-frequency signal 3/5; construction-learning value 3/5; provisionally clears the independent aspect-value test; Phase 3 must confirm the extra slot beats opportunity cost.
26,pisać,26,33,provisional - Phase 3 verification required,A1,imperfective,napisać,selected provisional,no,verbs-present-tense; b1-career-012,Accusative text; do + Genitive addressee [accusative; preposition+genitive],compatible,no,yes,medium,"Does contemporary evidence support Accusative text; do + Genitive addressee for pisać, and does pisać independently justify a slot apart from napisać without pattern inheritance?",medium,Everyday usefulness 4/5; repository-frequency signal 4/5; construction-learning value 5/5; provisionally clears the independent aspect-value test; Phase 3 must confirm the extra slot beats opportunity cost.
27,napisać,27,29,provisional - Phase 3 verification required,A2,perfective,pisać,selected provisional,no,verbs-aspect; verbs-future-tense-005,Accusative text; do + Genitive addressee [accusative; preposition+genitive],compatible,no,yes,medium,"Does contemporary evidence support Accusative text; do + Genitive addressee for napisać, and does napisać independently justify a slot apart from pisać without pattern inheritance?",medium,Everyday usefulness 4/5; repository-frequency signal 2/5; construction-learning value 5/5; provisionally clears the independent aspect-value test; Phase 3 must confirm the extra slot beats opportunity cost.
28,przynosić,28,32,provisional - Phase 3 verification required,A2,imperfective,,no in-pool partner identified,no,a2-healthcare-appointments-016,Dative recipient + Accusative thing [dative+accusative],probably compatible - verify,no,no,high,"Does contemporary evidence support the proposed Dative recipient + Accusative thing frame for the imperfective przynosić itself, independent of evidence for przynieść?",high,Everyday usefulness 3/5; repository-frequency signal 1/5; construction-learning value 5/5; retained for documented contextual relevance and balance despite weak direct hits; verify early.
29,radzić sobie,96,33,provisional - Phase 3 verification required,B1,imperfective,,no in-pool partner identified,no,b1-healthy-lifestyle-014; scenarios-neighbours,z + Instrumental problem [preposition+instrumental],compatible,no,no,high,"Does contemporary evidence support radzić sobie + z + Instrumental as a governed architecture-compatible coping construction, and does the lexical phrase independently justify a slot alongside advice-sense radzić?",medium,"Everyday usefulness 3/5; repository-frequency signal 2/5; construction-learning value 5/5; promoted for direct repository coping contexts, non-motion preposition + Instrumental diversity, locked-model fit, and lower complexity than competing reserves; syntax and independent identity remain unverified."
30,spotykać się,30,36,provisional - Phase 3 verification required,A2,imperfective,spotkać się,selected provisional,yes,a1-free-time-016; verbs-reflexive-006,z + Instrumental person [preposition+instrumental],compatible,no,yes,medium,"Does contemporary evidence support z + Instrumental person for spotykać się, and does spotykać się independently justify a slot apart from spotkać się without pattern inheritance?",medium,Everyday usefulness 4/5; repository-frequency signal 4/5; construction-learning value 5/5; provisionally clears the independent aspect-value test; Phase 3 must confirm the extra slot beats opportunity cost.
31,spotkać się,31,35,provisional - Phase 3 verification required,A2,perfective,spotykać się,selected provisional,yes,a2-leisure-culture-011,z + Instrumental person [preposition+instrumental],compatible,no,no,medium,"Does contemporary evidence support z + Instrumental person for spotkać się, and does spotkać się independently justify a slot apart from spotykać się without pattern inheritance?",medium,Everyday usefulness 4/5; repository-frequency signal 3/5; construction-learning value 5/5; provisionally clears the independent aspect-value test; Phase 3 must confirm the extra slot beats opportunity cost.
32,umówić się,32,35,provisional - Phase 3 verification required,A2,perfective,,no in-pool partner identified,yes,a2-healthcare-appointments-003; scenarios-healthcare-appointments,z + Instrumental person; na + Accusative appointment; do + Genitive professional [multi-preposition],probably compatible - verify,no,yes,medium,"Which combinations of z + Instrumental, na + Accusative, and do + Genitive are governed for each appointment/agreement meaning, and which are adjuncts?",medium,"Everyday usefulness 4/5; repository-frequency signal 5/5; construction-learning value 5/5; retained for practical utility and a non-duplicative coverage opportunity; score is decision support, not approval."
33,dzwonić,33,32,provisional - Phase 3 verification required,A2,imperfective,,no in-pool partner identified,no,a2-healthcare-appointments-002; scenarios-healthcare-appointments,do + Genitive person; w sprawie + Genitive [preposition+genitive],compatible,no,yes,medium,"Does contemporary evidence support do + Genitive person; w sprawie + Genitive as governed, architecture-compatible learner construction(s) for the scoped meaning(s), rather than free adjuncts or conflated senses?",medium,"Everyday usefulness 4/5; repository-frequency signal 2/5; construction-learning value 5/5; retained for practical utility and a non-duplicative coverage opportunity; score is decision support, not approval."
34,odpowiadać,34,30,provisional - Phase 3 verification required,A2,imperfective,,no in-pool partner identified,no,building-sentences-relative-clauses; repository-wide inflected occurrences,Dative person; na + Accusative question [dative; preposition+accusative],probably compatible - verify,no,yes,high,"Does contemporary evidence support Dative person and na + Accusative question for the exact scoped meanings, and can an exact repository frame be located?",high,Everyday usefulness 4/5; repository-frequency signal 1/5; construction-learning value 5/5; retained for documented contextual relevance and balance despite weak direct hits; verify early.
35,powiedzieć,35,30,provisional - Phase 3 verification required,A2,perfective,,no in-pool partner identified,no,grammar-cases-dative-006; building-sentences-so-that-004,Dative recipient + Accusative/że clause; żeby clause [dative+accusative/clause],probably compatible - verify,no,yes,medium,"Which recipient, object, że-clause, and żeby-clause combinations are governed in distinct scoped meanings rather than collapsed polysemy?",medium,"Everyday usefulness 4/5; repository-frequency signal 4/5; construction-learning value 5/5; retained for practical utility and a non-duplicative coverage opportunity; score is decision support, not approval."
36,oglądać,36,34,provisional - Phase 3 verification required,A1,imperfective,obejrzeć,selected provisional,no,a1-free-time-004,Accusative content [accusative],compatible,no,no,medium,"Does contemporary evidence support Accusative content for oglądać, and does oglądać independently justify a slot apart from obejrzeć without pattern inheritance?",medium,Everyday usefulness 4/5; repository-frequency signal 3/5; construction-learning value 3/5; provisionally clears the independent aspect-value test; Phase 3 must confirm the extra slot beats opportunity cost.
37,obejrzeć,37,32,provisional - Phase 3 verification required,A2,perfective,oglądać,selected provisional,no,b1-culture-entertainment-019; verbs-modal-verbs-008,Accusative content [accusative],compatible,no,no,medium,"Does contemporary evidence support Accusative content for obejrzeć, and does obejrzeć independently justify a slot apart from oglądać without pattern inheritance?",medium,Everyday usefulness 4/5; repository-frequency signal 4/5; construction-learning value 3/5; provisionally clears the independent aspect-value test; Phase 3 must confirm the extra slot beats opportunity cost.
38,gotować,38,40,provisional - Phase 3 verification required,A1,imperfective,,no in-pool partner identified,no,a1-free-time-010; a2-food-shopping-005,Accusative food; Dative beneficiary only if supported [accusative/dative],probably compatible - verify,no,yes,medium,"Does contemporary evidence support Accusative food; Dative beneficiary only if supported as governed, architecture-compatible learner construction(s) for the scoped meaning(s), rather than free adjuncts or conflated senses?",medium,"Everyday usefulness 4/5; repository-frequency signal 4/5; construction-learning value 5/5; retained for practical utility and a non-duplicative coverage opportunity; score is decision support, not approval."
39,zamawiać,39,31,provisional - Phase 3 verification required,A2,imperfective,zamówić,reserve,no,a2-restaurant; scenarios-shops-services,Accusative item; u + Genitive provider [accusative; preposition+genitive],probably compatible - verify,no,yes,high,"Does contemporary evidence support Accusative item; u + Genitive provider as governed, architecture-compatible learner construction(s) for the scoped meaning(s), rather than free adjuncts or conflated senses?",high,Everyday usefulness 4/5; repository-frequency signal 1/5; construction-learning value 5/5; retained for documented contextual relevance and balance despite weak direct hits; verify early.
40,rezerwować,40,37,provisional - Phase 3 verification required,A2,imperfective,zarezerwować,reserve,no,a2-travel-holidays-007; politeness-conditional-011,Accusative booking; dla + Genitive person [accusative; preposition+genitive],probably compatible - verify,no,yes,medium,"Does contemporary evidence support Accusative booking; dla + Genitive person as governed, architecture-compatible learner construction(s) for the scoped meaning(s), rather than free adjuncts or conflated senses?",medium,"Everyday usefulness 4/5; repository-frequency signal 3/5; construction-learning value 5/5; retained for practical utility and a non-duplicative coverage opportunity; score is decision support, not approval."
41,zaczynać,41,25,provisional - Phase 3 verification required,A2,imperfective,zacząć,selected provisional,no,a2-daily-life; repository inflected occurrences,Accusative activity; + infinitive [accusative/infinitive],probably compatible - verify,no,yes,high,"Does contemporary evidence support Accusative activity; + infinitive for zaczynać, and does zaczynać independently justify a slot apart from zacząć without pattern inheritance?",high,Everyday usefulness 4/5; repository-frequency signal 1/5; construction-learning value 3/5; retained for documented contextual relevance and balance despite weak direct hits; verify early.
42,zacząć,42,24,provisional - Phase 3 verification required,A2,perfective,zaczynać,selected provisional,no,repository inflected occurrences,Accusative activity; + infinitive [accusative/infinitive],probably compatible - verify,no,yes,high,"Does contemporary evidence support Accusative activity; + infinitive for zacząć, and does zacząć independently justify a slot apart from zaczynać without pattern inheritance?",high,Everyday usefulness 4/5; repository-frequency signal 1/5; construction-learning value 3/5; retained for documented contextual relevance and balance despite weak direct hits; verify early.
43,kończyć,43,26,provisional - Phase 3 verification required,A2,imperfective,skończyć,selected provisional,no,scenarios-work-university; repository inflected occurrences,Accusative task; + infinitive only if corroborated [accusative],probably compatible - verify,no,yes,high,"Does contemporary evidence support Accusative task; + infinitive only if corroborated for kończyć, and does kończyć independently justify a slot apart from skończyć without pattern inheritance?",high,Everyday usefulness 4/5; repository-frequency signal 1/5; construction-learning value 3/5; retained for documented contextual relevance and balance despite weak direct hits; verify early.
44,skończyć,44,29,provisional - Phase 3 verification required,A2,perfective,kończyć,selected provisional,no,scenarios-work-university,Accusative task; z + Instrumental only in supported sense [accusative; preposition+instrumental],probably compatible - verify,no,yes,medium,"Does contemporary evidence support Accusative task; z + Instrumental only in supported sense for skończyć, and does skończyć independently justify a slot apart from kończyć without pattern inheritance?",medium,Everyday usefulness 4/5; repository-frequency signal 3/5; construction-learning value 5/5; provisionally clears the independent aspect-value test; Phase 3 must confirm the extra slot beats opportunity cost.
45,wracać,45,37,provisional - Phase 3 verification required,A1,imperfective,wrócić,selected provisional,no,a2-daily-life-004,do + Genitive; z + Genitive origin [preposition+genitive],probably compatible - verify,yes,no,high,Does either proposed do/z + Genitive expression qualify as governed for the scoped return meaning rather than goal/source adjunct?,medium,"Everyday usefulness 4/5; repository-frequency signal 3/5; construction-learning value 5/5; strong practical/repository motion value justifies provisional research, but no adjunct coverage is credited and the family is capped."
46,wrócić,46,35,provisional - Phase 3 verification required,A2,perfective,wracać,selected provisional,no,scenarios-doctor; a2-daily-life-004,do + Genitive; z + Genitive origin [preposition+genitive],probably compatible - verify,yes,no,high,Does this perfective independently justify a slot and support any governed complement not inherited from wracać?,medium,"Everyday usefulness 4/5; repository-frequency signal 3/5; construction-learning value 5/5; strong practical/repository motion value justifies provisional research, but no adjunct coverage is credited and the family is capped."
47,przyjść,47,35,provisional - Phase 3 verification required,A2,perfective,przychodzić,reserve,no,verbs-verbs-of-motion-007; verbs-motion-prefixes-002,do + Genitive person/place; na + Accusative event [preposition+genitive/accusative],probably compatible - verify,yes,yes,high,Which proposed event/person expressions are governed rather than ordinary arrival destination/time adjuncts?,medium,"Everyday usefulness 4/5; repository-frequency signal 4/5; construction-learning value 5/5; strong practical/repository motion value justifies provisional research, but no adjunct coverage is credited and the family is capped."
48,przyjechać,48,36,provisional - Phase 3 verification required,A2,perfective,przyjeżdżać,reserve,no,verbs-motion-prefixes-008; scenarios-city-transport,do + Genitive; z + Genitive origin [preposition+genitive],probably compatible - verify,yes,no,high,"Is there an independently useful governed frame after destination, source, route, time, and vehicle adjuncts are removed?",medium,"Everyday usefulness 4/5; repository-frequency signal 3/5; construction-learning value 5/5; strong practical/repository motion value justifies provisional research, but no adjunct coverage is credited and the family is capped."
49,wyjść,49,32,provisional - Phase 3 verification required,A2,perfective,wychodzić,reserve,no,verbs-motion-prefixes-003; a1-morning-routine-017,z + Genitive; do + Genitive destination; na + Accusative event [preposition+genitive/accusative],probably compatible - verify,yes,yes,high,Are z + Genitive and any na + Accusative use selected in the exact scoped exit/event senses rather than free adjuncts?,medium,"Everyday usefulness 4/5; repository-frequency signal 5/5; construction-learning value 5/5; strong practical/repository motion value justifies provisional research, but no adjunct coverage is credited and the family is capped."
50,wyjechać,50,34,provisional - Phase 3 verification required,A2,perfective,wyjeżdżać,reserve,no,verbs-motion-prefixes-010,z + Genitive origin; do + Genitive destination [preposition+genitive],probably compatible - verify,yes,no,high,Is there a governed source/goal construction that independently justifies the slot after ordinary motion adjuncts are removed?,medium,"Everyday usefulness 4/5; repository-frequency signal 3/5; construction-learning value 5/5; strong practical/repository motion value justifies provisional research, but no adjunct coverage is credited and the family is capped."
51,cieszyć się,51,36,provisional - Phase 3 verification required,A2,imperfective,,no in-pool partner identified,yes,b1-character-emotions-011; data-verbs reflexive teach,z + Genitive cause; że clause [preposition+genitive/clause],compatible,no,yes,medium,"Does contemporary evidence support z + Genitive cause; że clause as governed, architecture-compatible learner construction(s) for the scoped meaning(s), rather than free adjuncts or conflated senses?",medium,"Everyday usefulness 4/5; repository-frequency signal 3/5; construction-learning value 5/5; retained for practical utility and a non-duplicative coverage opportunity; score is decision support, not approval."
52,martwić się,52,30,provisional - Phase 3 verification required,A2,imperfective,,no in-pool partner identified,yes,verbs-imperative-003; b1-character-emotions,o + Accusative person/thing; że clause [preposition+accusative/clause],compatible,no,yes,medium,Does the proposed o + Accusative / clause scope remain distinct enough from released bać się to justify a separate lemma?,medium,"Everyday usefulness 4/5; repository-frequency signal 2/5; construction-learning value 5/5; retained for practical utility and a non-duplicative coverage opportunity; score is decision support, not approval."
53,zgadzać się,53,34,provisional - Phase 3 verification required,A2,imperfective,,no in-pool partner identified,yes,b1-expressing-opinions-002; b1-relationships-021,z + Instrumental person/view; na + Accusative proposal [preposition+instrumental/accusative],compatible,no,yes,medium,"Does contemporary evidence support z + Instrumental person/view; na + Accusative proposal as governed, architecture-compatible learner construction(s) for the scoped meaning(s), rather than free adjuncts or conflated senses?",medium,"Everyday usefulness 4/5; repository-frequency signal 3/5; construction-learning value 5/5; retained for practical utility and a non-duplicative coverage opportunity; score is decision support, not approval."
54,pamiętać,54,25,provisional - Phase 3 verification required,A2,imperfective,,no in-pool partner identified,no,b1-media-technology-007; b1-urban-party-slang-004,o + Locative; Accusative remembered content; żeby clause [preposition+locative/accusative/clause],probably compatible - verify,no,yes,high,"Which of o + Locative, direct Accusative, and żeby-clause belong to distinct supported meanings and fit deterministic teaching?",high,Everyday usefulness 4/5; repository-frequency signal 1/5; construction-learning value 5/5; retained for documented contextual relevance and balance despite weak direct hits; verify early.
55,zapominać,55,25,provisional - Phase 3 verification required,A2,imperfective,,no in-pool partner identified,no,repository inflected occurrences,o + Locative; Genitive object; żeby clause [preposition+locative/genitive/clause],probably compatible - verify,no,yes,high,"Does contemporary evidence support the proposed o + Locative, Genitive object, and żeby-clause scopes despite weak direct repository evidence?",high,Everyday usefulness 4/5; repository-frequency signal 1/5; construction-learning value 5/5; retained for documented contextual relevance and balance despite weak direct hits; verify early.
56,próbować,56,30,provisional - Phase 3 verification required,A2,imperfective,,no in-pool partner identified,no,a2-food-shopping; repository inflected occurrences,+ infinitive; Genitive sampled object as separate meaning [infinitive/genitive],probably compatible - verify,no,yes,high,"Does contemporary evidence support + infinitive; Genitive sampled object as separate meaning as governed, architecture-compatible learner construction(s) for the scoped meaning(s), rather than free adjuncts or conflated senses?",high,Everyday usefulness 4/5; repository-frequency signal 1/5; construction-learning value 5/5; retained for documented contextual relevance and balance despite weak direct hits; verify early.
57,przepraszać,57,34,provisional - Phase 3 verification required,A2,imperfective,,no in-pool partner identified,no,b1-relationships-016; politeness-formal-address-004,Accusative person; za + Accusative reason [accusative; preposition+accusative],compatible,no,no,low,"Does contemporary evidence support Accusative person; za + Accusative reason as governed, architecture-compatible learner construction(s) for the scoped meaning(s), rather than free adjuncts or conflated senses?",low,"Everyday usefulness 4/5; repository-frequency signal 3/5; construction-learning value 3/5; retained for practical utility and a non-duplicative coverage opportunity; score is decision support, not approval."
58,zapraszać,58,36,provisional - Phase 3 verification required,A2,imperfective,,no in-pool partner identified,no,a2-leisure-culture-014; a2-holidays-traditions-019,Accusative person; na + Accusative event; do + Genitive place [accusative; preposition+accusative/genitive],compatible,no,yes,medium,"Does contemporary evidence support Accusative person; na + Accusative event; do + Genitive place as governed, architecture-compatible learner construction(s) for the scoped meaning(s), rather than free adjuncts or conflated senses?",medium,"Everyday usefulness 4/5; repository-frequency signal 3/5; construction-learning value 5/5; retained for practical utility and a non-duplicative coverage opportunity; score is decision support, not approval."
59,polecać,59,36,provisional - Phase 3 verification required,A2,imperfective,,no in-pool partner identified,no,b1-culture-entertainment-018; scenarios-pharmacy,Dative recipient + Accusative item; + infinitive [dative+accusative/infinitive],compatible,no,yes,medium,"Does contemporary evidence support Dative recipient + Accusative item; + infinitive as governed, architecture-compatible learner construction(s) for the scoped meaning(s), rather than free adjuncts or conflated senses?",medium,"Everyday usefulness 4/5; repository-frequency signal 3/5; construction-learning value 5/5; retained for practical utility and a non-duplicative coverage opportunity; score is decision support, not approval."
60,pozwalać,60,28,provisional - Phase 3 verification required,B1,imperfective,,no in-pool partner identified,no,repository contextual occurrences require extraction,Dative person + infinitive; na + Accusative [dative+infinitive; preposition+accusative],probably compatible - verify,no,yes,high,Does contemporary evidence support Dative person + infinitive and/or na + Accusative in a practical B1 scope despite low direct repository evidence?,high,Everyday usefulness 4/5; repository-frequency signal 1/5; construction-learning value 5/5; retained for documented contextual relevance and balance despite weak direct hits; verify early.
61,radzić,61,30,provisional - Phase 3 verification required,B1,imperfective,,no in-pool partner identified,no,b1-healthy-lifestyle-014; scenarios-neighbours,Dative person + infinitive; Dative + clause [dative+infinitive/clause],probably compatible - verify,no,yes,medium,"Does contemporary evidence support Dative person + infinitive; Dative + clause as governed, architecture-compatible learner construction(s) for the scoped meaning(s), rather than free adjuncts or conflated senses?",medium,"Everyday usefulness 4/5; repository-frequency signal 2/5; construction-learning value 5/5; retained for practical utility and a non-duplicative coverage opportunity; score is decision support, not approval."
62,życzyć,62,35,provisional - Phase 3 verification required,A2,imperfective,,no in-pool partner identified,no,people-numbers-every-all-010; scenarios-doctor,Dative recipient + Genitive wished thing [dative+genitive],probably compatible - verify,no,no,low,"Does contemporary evidence support Dative recipient + Genitive wished thing as governed, architecture-compatible learner construction(s) for the scoped meaning(s), rather than free adjuncts or conflated senses?",low,"Everyday usefulness 4/5; repository-frequency signal 2/5; construction-learning value 5/5; retained for practical utility and a non-duplicative coverage opportunity; score is decision support, not approval."
63,unikać,63,30,provisional - Phase 3 verification required,B1,imperfective,,no in-pool partner identified,no,repository learner-error gap; no strong direct ref,Genitive object; + infinitive [genitive/infinitive],probably compatible - verify,no,no,high,Does contemporary evidence support direct Genitive and/or infinitive government with enough practical B1 value to justify the slot?,high,Everyday usefulness 4/5; repository-frequency signal 1/5; construction-learning value 5/5; retained for documented contextual relevance and balance despite weak direct hits; verify early.
64,wymagać,64,31,provisional - Phase 3 verification required,B1,imperfective,,no in-pool partner identified,no,b1-character-emotions-007; b1-healthy-lifestyle-018,Genitive object; od + Genitive person [genitive; preposition+genitive],probably compatible - verify,no,yes,high,"Does contemporary evidence support Genitive object; od + Genitive person as governed, architecture-compatible learner construction(s) for the scoped meaning(s), rather than free adjuncts or conflated senses?",high,Everyday usefulness 4/5; repository-frequency signal 1/5; construction-learning value 5/5; retained for documented contextual relevance and balance despite weak direct hits; verify early.
65,należeć,65,27,provisional - Phase 3 verification required,A2,imperfective,,no in-pool partner identified,no,repository contextual occurrences require extraction,do + Genitive membership/ownership [preposition+genitive],probably compatible - verify,no,yes,high,Does contemporary evidence support a practical do + Genitive membership/ownership frame with enough repository and learner value?,high,Everyday usefulness 4/5; repository-frequency signal 1/5; construction-learning value 5/5; retained for documented contextual relevance and balance despite weak direct hits; verify early.
66,korzystać,66,39,provisional - Phase 3 verification required,A2,imperfective,,no in-pool partner identified,no,scenarios-gym explicit teach and npc,z + Genitive resource [preposition+genitive],compatible,no,no,low,"Does contemporary evidence support z + Genitive resource as governed, architecture-compatible learner construction(s) for the scoped meaning(s), rather than free adjuncts or conflated senses?",low,"Everyday usefulness 4/5; repository-frequency signal 3/5; construction-learning value 5/5; retained for practical utility and a non-duplicative coverage opportunity; score is decision support, not approval."
67,uczyć,67,36,provisional - Phase 3 verification required,A2,imperfective,,no in-pool partner identified,no,a2-work-education-007; b1-healthy-lifestyle-014,Accusative person + Genitive subject; + infinitive [accusative+genitive/infinitive],probably compatible - verify,no,no,low,"Does contemporary evidence support Accusative person + Genitive subject; + infinitive as governed, architecture-compatible learner construction(s) for the scoped meaning(s), rather than free adjuncts or conflated senses?",low,"Everyday usefulness 4/5; repository-frequency signal 5/5; construction-learning value 5/5; retained for practical utility and a non-duplicative coverage opportunity; score is decision support, not approval."
68,pasować,68,38,provisional - Phase 3 verification required,A2,imperfective,,no in-pool partner identified,no,a1-colours-clothes-021; a2-appearance-clothes-007,Dative experiencer; do + Genitive match [dative; preposition+genitive],probably compatible - verify,no,yes,medium,"Do fit/suit and match meanings support the proposed Dative experiencer and do + Genitive relations, including the correct relation type?",medium,"Everyday usefulness 4/5; repository-frequency signal 3/5; construction-learning value 5/5; retained for practical utility and a non-duplicative coverage opportunity; score is decision support, not approval."
69,kłócić się,69,29,provisional - Phase 3 verification required,B1,imperfective,,no in-pool partner identified,yes,b1-relationships-014,z + Instrumental person; o + Accusative topic [preposition+instrumental/accusative],compatible,no,no,high,Does contemporary evidence support z + Instrumental person and o + Accusative topic with the proposed optionality and meaning boundaries?,medium,"Everyday usefulness 3/5; repository-frequency signal 2/5; construction-learning value 5/5; retained for practical utility and a non-duplicative coverage opportunity; score is decision support, not approval."
70,pokazywać,70,34,provisional - Phase 3 verification required,A2,imperfective,,no in-pool partner identified,no,a2-official-matters-005; grammar-cases-dative-014,Dative recipient + Accusative thing [dative+accusative],probably compatible - verify,no,no,high,"Does contemporary evidence support the proposed Dative recipient + Accusative thing frame for imperfective pokazywać itself, independent of the stronger repository example for pokazać?",high,Everyday usefulness 4/5; repository-frequency signal 1/5; construction-learning value 5/5; retained for documented contextual relevance and balance despite weak direct hits; verify early.
