app_lemma,scope,surface_sie_form,card_count,card_ids,levels,standalone_card_count,phrase_card_count,repository_pair_lemmas,direct_match_basis,direct_source_entry_numbers,linked_repository_forms,linked_source_entry_numbers,opposite_reflexivity_collision_entry_numbers,review_flags,method_note,rights_note
bać się,core-A1-B1,true,1,b1-character-emotions-010,B1,1,0,bać się,source-entry-string-after-conservative-normalization,5,,,,,NFC + casefold + whitespace normalization; one OCR glyph repair; five explicitly printed alternative-headword groups expanded only as listed alternatives; reflexive and linked forms never collapsed.,"App-lemma grain only. Book-only headwords and the complete 1,001-entry index are intentionally not reproduced."
biegać,core-A1-B1,false,2,a1-free-time-013;a2-leisure-culture-008,A1;A2,2,0,biegać,none,,,,,no-direct-listed-form-match,NFC + casefold + whitespace normalization; one OCR glyph repair; five explicitly printed alternative-headword groups expanded only as listed alternatives; reflexive and linked forms never collapsed.,"App-lemma grain only. Book-only headwords and the complete 1,001-entry index are intentionally not reproduced."
brać,core-A1-B1,false,2,a1-morning-routine-005;a2-ecology-020,A1;A2,0,2,brać;wziąć,source-entry-string-after-conservative-normalization,15,,,,,NFC + casefold + whitespace normalization; one OCR glyph repair; five explicitly printed alternative-headword groups expanded only as listed alternatives; reflexive and linked forms never collapsed.,"App-lemma grain only. Book-only headwords and the complete 1,001-entry index are intentionally not reproduced."
budzić się,core-A1-B1,true,1,a1-morning-routine-002,A1,1,0,budzić się;obudzić się,source-entry-string-after-conservative-normalization,24,,,,,NFC + casefold + whitespace normalization; one OCR glyph repair; five explicitly printed alternative-headword groups expanded only as listed alternatives; reflexive and linked forms never collapsed.,"App-lemma grain only. Book-only headwords and the complete 1,001-entry index are intentionally not reproduced."
być,core-A1-B1,false,5,a1-first-verbs-001;a2-appearance-clothes-002;b1-character-emotions-012;b1-idioms-012;podcasts-meaning-of-life-011,A1;A2;B1;Podcasts,1,4,,source-entry-string-after-conservative-normalization,25,,,,,NFC + casefold + whitespace normalization; one OCR glyph repair; five explicitly printed alternative-headword groups expanded only as listed alternatives; reflexive and linked forms never collapsed.,"App-lemma grain only. Book-only headwords and the complete 1,001-entry index are intentionally not reproduced."
chcieć,core-A1-B1,false,1,a1-first-verbs-003,A1,1,0,chcieć;zechcieć,source-entry-string-after-conservative-normalization,30,,,,,NFC + casefold + whitespace normalization; one OCR glyph repair; five explicitly printed alternative-headword groups expanded only as listed alternatives; reflexive and linked forms never collapsed.,"App-lemma grain only. Book-only headwords and the complete 1,001-entry index are intentionally not reproduced."
chorować,core-A1-B1,false,1,a2-health-body-027,A2,1,0,chorować;zachorować,source-entry-string-after-conservative-normalization,32,,,,,NFC + casefold + whitespace normalization; one OCR glyph repair; five explicitly printed alternative-headword groups expanded only as listed alternatives; reflexive and linked forms never collapsed.,"App-lemma grain only. Book-only headwords and the complete 1,001-entry index are intentionally not reproduced."
chrzanić,core-A1-B1,false,1,b1-swearing-011,B1,1,0,,none,,,,,no-direct-listed-form-match,NFC + casefold + whitespace normalization; one OCR glyph repair; five explicitly printed alternative-headword groups expanded only as listed alternatives; reflexive and linked forms never collapsed.,"App-lemma grain only. Book-only headwords and the complete 1,001-entry index are intentionally not reproduced."
cieszyć się,core-A1-B1,true,1,b1-character-emotions-011,B1,1,0,cieszyć się;ucieszyć się,source-entry-string-after-conservative-normalization,45,,,,,NFC + casefold + whitespace normalization; one OCR glyph repair; five explicitly printed alternative-headword groups expanded only as listed alternatives; reflexive and linked forms never collapsed.,"App-lemma grain only. Book-only headwords and the complete 1,001-entry index are intentionally not reproduced."
czaić,core-A1-B1,false,1,b1-everyday-slang-017,B1,1,0,czaić;zaczaić,none,,,,,no-direct-listed-form-match,NFC + casefold + whitespace normalization; one OCR glyph repair; five explicitly printed alternative-headword groups expanded only as listed alternatives; reflexive and linked forms never collapsed.,"App-lemma grain only. Book-only headwords and the complete 1,001-entry index are intentionally not reproduced."
czekać,core-A1-B1,false,1,a1-first-verbs-021,A1,1,0,czekać;poczekać,source-entry-string-after-conservative-normalization,46,,,,,NFC + casefold + whitespace normalization; one OCR glyph repair; five explicitly printed alternative-headword groups expanded only as listed alternatives; reflexive and linked forms never collapsed.,"App-lemma grain only. Book-only headwords and the complete 1,001-entry index are intentionally not reproduced."
czuć,core-A1-B1,false,1,b1-idioms-006,B1,0,1,,source-entry-string-after-conservative-normalization,50,,,,,NFC + casefold + whitespace normalization; one OCR glyph repair; five explicitly printed alternative-headword groups expanded only as listed alternatives; reflexive and linked forms never collapsed.,"App-lemma grain only. Book-only headwords and the complete 1,001-entry index are intentionally not reproduced."
czuć się,podcast-only,true,1,podcasts-toxic-productivity-012,Podcasts,0,1,,source-entry-string-after-conservative-normalization,51,,,,,NFC + casefold + whitespace normalization; one OCR glyph repair; five explicitly printed alternative-headword groups expanded only as listed alternatives; reflexive and linked forms never collapsed.,"App-lemma grain only. Book-only headwords and the complete 1,001-entry index are intentionally not reproduced."
czytać,core-A1-B1,false,1,a1-free-time-003,A1,1,0,czytać;przeczytać,source-entry-string-after-conservative-normalization,54,,,,,NFC + casefold + whitespace normalization; one OCR glyph repair; five explicitly printed alternative-headword groups expanded only as listed alternatives; reflexive and linked forms never collapsed.,"App-lemma grain only. Book-only headwords and the complete 1,001-entry index are intentionally not reproduced."
dbać,core-A1-B1,false,1,b1-healthy-lifestyle-012,B1,0,1,dbać;zadbać,source-entry-string-after-conservative-normalization,60,,,,,NFC + casefold + whitespace normalization; one OCR glyph repair; five explicitly printed alternative-headword groups expanded only as listed alternatives; reflexive and linked forms never collapsed.,"App-lemma grain only. Book-only headwords and the complete 1,001-entry index are intentionally not reproduced."
denerwować się,core-A1-B1,true,1,b1-character-emotions-008,B1,1,0,denerwować się;zdenerwować się,source-entry-string-after-conservative-normalization,64,,,,,NFC + casefold + whitespace normalization; one OCR glyph repair; five explicitly printed alternative-headword groups expanded only as listed alternatives; reflexive and linked forms never collapsed.,"App-lemma grain only. Book-only headwords and the complete 1,001-entry index are intentionally not reproduced."
gotować,core-A1-B1,false,2,a1-free-time-010;a2-food-shopping-005,A1;A2,2,0,gotować;ugotować,source-entry-string-after-conservative-normalization,128,,,,,NFC + casefold + whitespace normalization; one OCR glyph repair; five explicitly printed alternative-headword groups expanded only as listed alternatives; reflexive and linked forms never collapsed.,"App-lemma grain only. Book-only headwords and the complete 1,001-entry index are intentionally not reproduced."
grać,core-A1-B1,false,3,a1-free-time-006;a1-free-time-007;a1-free-time-015,A1,1,2,grać;zagrać,source-entry-string-after-conservative-normalization,129,,,,,NFC + casefold + whitespace normalization; one OCR glyph repair; five explicitly printed alternative-headword groups expanded only as listed alternatives; reflexive and linked forms never collapsed.,"App-lemma grain only. Book-only headwords and the complete 1,001-entry index are intentionally not reproduced."
harować,core-A1-B1,false,1,b1-corporate-slang-007,B1,1,0,harować,none,,,,,no-direct-listed-form-match,NFC + casefold + whitespace normalization; one OCR glyph repair; five explicitly printed alternative-headword groups expanded only as listed alternatives; reflexive and linked forms never collapsed.,"App-lemma grain only. Book-only headwords and the complete 1,001-entry index are intentionally not reproduced."
interesować się,core-A1-B1,true,1,a2-leisure-culture-002,A2,1,0,interesować się;zainteresować się,source-entry-string-after-conservative-normalization,141,,,,,NFC + casefold + whitespace normalization; one OCR glyph repair; five explicitly printed alternative-headword groups expanded only as listed alternatives; reflexive and linked forms never collapsed.,"App-lemma grain only. Book-only headwords and the complete 1,001-entry index are intentionally not reproduced."
inwestować,core-A1-B1,false,2,a2-ecology-026;b1-money-finance-014,A2;B1,2,0,inwestować;zainwestować,none,,,,,no-direct-listed-form-match,NFC + casefold + whitespace normalization; one OCR glyph repair; five explicitly printed alternative-headword groups expanded only as listed alternatives; reflexive and linked forms never collapsed.,"App-lemma grain only. Book-only headwords and the complete 1,001-entry index are intentionally not reproduced."
iść,core-A1-B1,false,3,a1-first-verbs-006;a2-directions-orientation-006;a2-nature-animals-021,A1;A2,1,2,iść;pójść,source-entry-string-after-conservative-normalization,143,,,,,NFC + casefold + whitespace normalization; one OCR glyph repair; five explicitly printed alternative-headword groups expanded only as listed alternatives; reflexive and linked forms never collapsed.,"App-lemma grain only. Book-only headwords and the complete 1,001-entry index are intentionally not reproduced."
jebać,core-A1-B1,false,1,b1-swearing-023,B1,1,0,,none,,,,,no-direct-listed-form-match,NFC + casefold + whitespace normalization; one OCR glyph repair; five explicitly printed alternative-headword groups expanded only as listed alternatives; reflexive and linked forms never collapsed.,"App-lemma grain only. Book-only headwords and the complete 1,001-entry index are intentionally not reproduced."
jechać,core-A1-B1,false,1,a1-first-verbs-007,A1,1,0,jechać;pojechać,source-entry-string-after-conservative-normalization,144,,,,,NFC + casefold + whitespace normalization; one OCR glyph repair; five explicitly printed alternative-headword groups expanded only as listed alternatives; reflexive and linked forms never collapsed.,"App-lemma grain only. Book-only headwords and the complete 1,001-entry index are intentionally not reproduced."
jeść,core-A1-B1,false,2,a1-morning-routine-012;a1-first-verbs-013,A1,1,1,jeść;zjeść,source-entry-string-after-conservative-normalization,145,,,,,NFC + casefold + whitespace normalization; one OCR glyph repair; five explicitly printed alternative-headword groups expanded only as listed alternatives; reflexive and linked forms never collapsed.,"App-lemma grain only. Book-only headwords and the complete 1,001-entry index are intentionally not reproduced."
jeździć,core-A1-B1,false,1,a1-free-time-014,A1,0,1,jeździć,source-entry-string-after-conservative-normalization,146,,,,,NFC + casefold + whitespace normalization; one OCR glyph repair; five explicitly printed alternative-headword groups expanded only as listed alternatives; reflexive and linked forms never collapsed.,"App-lemma grain only. Book-only headwords and the complete 1,001-entry index are intentionally not reproduced."
kminić,core-A1-B1,false,1,b1-everyday-slang-014,B1,1,0,kminić;rozkminić,none,,,,,no-direct-listed-form-match,NFC + casefold + whitespace normalization; one OCR glyph repair; five explicitly printed alternative-headword groups expanded only as listed alternatives; reflexive and linked forms never collapsed.,"App-lemma grain only. Book-only headwords and the complete 1,001-entry index are intentionally not reproduced."
kochać,core-A1-B1,false,2,a1-first-verbs-019;b1-relationships-005,A1;B1,2,0,kochać;pokochać,source-entry-string-after-conservative-normalization,162,,,,,NFC + casefold + whitespace normalization; one OCR glyph repair; five explicitly printed alternative-headword groups expanded only as listed alternatives; reflexive and linked forms never collapsed.,"App-lemma grain only. Book-only headwords and the complete 1,001-entry index are intentionally not reproduced."
kombinować,core-A1-B1,false,1,b1-everyday-slang-018,B1,1,0,kombinować;wykombinować,none,,,,,no-direct-listed-form-match,NFC + casefold + whitespace normalization; one OCR glyph repair; five explicitly printed alternative-headword groups expanded only as listed alternatives; reflexive and linked forms never collapsed.,"App-lemma grain only. Book-only headwords and the complete 1,001-entry index are intentionally not reproduced."
kosztować,core-A1-B1,false,1,a2-quantities-money-002,A2,1,0,,source-entry-string-after-conservative-normalization,174,,,,,NFC + casefold + whitespace normalization; one OCR glyph repair; five explicitly printed alternative-headword groups expanded only as listed alternatives; reflexive and linked forms never collapsed.,"App-lemma grain only. Book-only headwords and the complete 1,001-entry index are intentionally not reproduced."
kupować,core-A1-B1,false,3,a1-first-verbs-015;a2-ecology-021;b1-idioms-021,A1;A2;B1,2,1,kupić;kupować,source-entry-string-after-conservative-normalization,185,,,,,NFC + casefold + whitespace normalization; one OCR glyph repair; five explicitly printed alternative-headword groups expanded only as listed alternatives; reflexive and linked forms never collapsed.,"App-lemma grain only. Book-only headwords and the complete 1,001-entry index are intentionally not reproduced."
kłaść,podcast-only,false,1,podcasts-work-life-001,Podcasts,0,1,,source-entry-string-after-conservative-normalization,159,,,,,NFC + casefold + whitespace normalization; one OCR glyph repair; five explicitly printed alternative-headword groups expanded only as listed alternatives; reflexive and linked forms never collapsed.,"App-lemma grain only. Book-only headwords and the complete 1,001-entry index are intentionally not reproduced."
kłaść się,core-A1-B1,true,1,a2-daily-life-008,A2,0,1,kłaść się;położyć się,source-entry-string-after-conservative-normalization,160,,,,,NFC + casefold + whitespace normalization; one OCR glyph repair; five explicitly printed alternative-headword groups expanded only as listed alternatives; reflexive and linked forms never collapsed.,"App-lemma grain only. Book-only headwords and the complete 1,001-entry index are intentionally not reproduced."
lecieć,core-A1-B1,false,1,b1-urban-party-slang-009,B1,1,0,lecieć;polecieć,source-entry-string-after-conservative-normalization,190,,,,,NFC + casefold + whitespace normalization; one OCR glyph repair; five explicitly printed alternative-headword groups expanded only as listed alternatives; reflexive and linked forms never collapsed.,"App-lemma grain only. Book-only headwords and the complete 1,001-entry index are intentionally not reproduced."
leżeć,core-A1-B1,false,1,a2-appearance-clothes-008,A2,0,1,,source-entry-string-after-conservative-normalization,194,,,,,NFC + casefold + whitespace normalization; one OCR glyph repair; five explicitly printed alternative-headword groups expanded only as listed alternatives; reflexive and linked forms never collapsed.,"App-lemma grain only. Book-only headwords and the complete 1,001-entry index are intentionally not reproduced."
lubić,core-A1-B1,false,2,a1-first-verbs-018;b1-relationships-022,A1;B1,2,0,lubić;polubić,source-entry-string-after-conservative-normalization,197,,,,,NFC + casefold + whitespace normalization; one OCR glyph repair; five explicitly printed alternative-headword groups expanded only as listed alternatives; reflexive and linked forms never collapsed.,"App-lemma grain only. Book-only headwords and the complete 1,001-entry index are intentionally not reproduced."
malować,core-A1-B1,false,1,a1-free-time-011,A1,1,0,malować;namalować,source-entry-string-after-conservative-normalization,205,,,,,NFC + casefold + whitespace normalization; one OCR glyph repair; five explicitly printed alternative-headword groups expanded only as listed alternatives; reflexive and linked forms never collapsed.,"App-lemma grain only. Book-only headwords and the complete 1,001-entry index are intentionally not reproduced."
marnować,core-A1-B1,false,3,a2-ecology-016;podcasts-toxic-productivity-010;podcasts-meaning-of-life-007,A2;Podcasts,1,2,marnować;zmarnować,none,,,,,no-direct-listed-form-match,NFC + casefold + whitespace normalization; one OCR glyph repair; five explicitly printed alternative-headword groups expanded only as listed alternatives; reflexive and linked forms never collapsed.,"App-lemma grain only. Book-only headwords and the complete 1,001-entry index are intentionally not reproduced."
mieszkać,core-A1-B1,false,1,a1-first-verbs-016,A1,1,0,mieszkać;zamieszkać,source-entry-string-after-conservative-normalization,218,,,,,NFC + casefold + whitespace normalization; one OCR glyph repair; five explicitly printed alternative-headword groups expanded only as listed alternatives; reflexive and linked forms never collapsed.,"App-lemma grain only. Book-only headwords and the complete 1,001-entry index are intentionally not reproduced."
mieć,core-A1-B1,false,8,a1-first-verbs-002;a2-appearance-clothes-003;b1-character-emotions-002;b1-idioms-010;b1-idioms-023;b1-swearing-009;b1-swearing-026;podcasts-meaning-of-life-002,A1;A2;B1;Podcasts,1,7,mieć,source-entry-string-after-conservative-normalization,214,,,,,NFC + casefold + whitespace normalization; one OCR glyph repair; five explicitly printed alternative-headword groups expanded only as listed alternatives; reflexive and linked forms never collapsed.,"App-lemma grain only. Book-only headwords and the complete 1,001-entry index are intentionally not reproduced."
minąć,core-A1-B1,false,1,a2-directions-orientation-007,A2,1,0,,none,,,,,no-direct-listed-form-match,NFC + casefold + whitespace normalization; one OCR glyph repair; five explicitly printed alternative-headword groups expanded only as listed alternatives; reflexive and linked forms never collapsed.,"App-lemma grain only. Book-only headwords and the complete 1,001-entry index are intentionally not reproduced."
musieć,core-A1-B1,false,1,a1-first-verbs-005,A1,1,0,musieć,source-entry-string-after-conservative-normalization,227,,,,,NFC + casefold + whitespace normalization; one OCR glyph repair; five explicitly printed alternative-headword groups expanded only as listed alternatives; reflexive and linked forms never collapsed.,"App-lemma grain only. Book-only headwords and the complete 1,001-entry index are intentionally not reproduced."
myć,core-A1-B1,false,1,a1-morning-routine-006,A1,0,1,myć;umyć,source-entry-string-after-conservative-normalization,228,,,,,NFC + casefold + whitespace normalization; one OCR glyph repair; five explicitly printed alternative-headword groups expanded only as listed alternatives; reflexive and linked forms never collapsed.,"App-lemma grain only. Book-only headwords and the complete 1,001-entry index are intentionally not reproduced."
móc,core-A1-B1,false,1,a1-first-verbs-004,A1,1,0,móc,source-entry-string-after-conservative-normalization,225,,,,,NFC + casefold + whitespace normalization; one OCR glyph repair; five explicitly printed alternative-headword groups expanded only as listed alternatives; reflexive and linked forms never collapsed.,"App-lemma grain only. Book-only headwords and the complete 1,001-entry index are intentionally not reproduced."
mówić,core-A1-B1,false,1,a1-first-verbs-009,A1,1,0,mówić;powiedzieć,source-entry-string-after-conservative-normalization,226,powiedzieć,464,,repository-pair-semantics-unreviewed,NFC + casefold + whitespace normalization; one OCR glyph repair; five explicitly printed alternative-headword groups expanded only as listed alternatives; reflexive and linked forms never collapsed.,"App-lemma grain only. Book-only headwords and the complete 1,001-entry index are intentionally not reproduced."
naprawić,core-A1-B1,false,1,a2-apartment-015,A2,1,0,naprawiać;naprawić,none,,naprawiać,253,,repository-pair-semantics-unreviewed;no-direct-listed-form-match,NFC + casefold + whitespace normalization; one OCR glyph repair; five explicitly printed alternative-headword groups expanded only as listed alternatives; reflexive and linked forms never collapsed.,"App-lemma grain only. Book-only headwords and the complete 1,001-entry index are intentionally not reproduced."
negocjować,core-A1-B1,false,1,b1-career-013,B1,1,0,negocjować;wynegocjować,none,,,,,no-direct-listed-form-match,NFC + casefold + whitespace normalization; one OCR glyph repair; five explicitly printed alternative-headword groups expanded only as listed alternatives; reflexive and linked forms never collapsed.,"App-lemma grain only. Book-only headwords and the complete 1,001-entry index are intentionally not reproduced."
nosić,core-A1-B1,false,2,a1-colours-clothes-019;a2-appearance-clothes-004,A1;A2,2,0,nosić,source-entry-string-after-conservative-normalization,270,,,,,NFC + casefold + whitespace normalization; one OCR glyph repair; five explicitly printed alternative-headword groups expanded only as listed alternatives; reflexive and linked forms never collapsed.,"App-lemma grain only. Book-only headwords and the complete 1,001-entry index are intentionally not reproduced."
obciąć,core-A1-B1,false,1,b1-getting-things-done-011,B1,0,1,obcinać;obciąć,none,,obcinać,278,,repository-pair-semantics-unreviewed;no-direct-listed-form-match,NFC + casefold + whitespace normalization; one OCR glyph repair; five explicitly printed alternative-headword groups expanded only as listed alternatives; reflexive and linked forms never collapsed.,"App-lemma grain only. Book-only headwords and the complete 1,001-entry index are intentionally not reproduced."
obczaić,core-A1-B1,false,1,b1-everyday-slang-015,B1,1,0,obczaić;obczajać,none,,,,,no-direct-listed-form-match,NFC + casefold + whitespace normalization; one OCR glyph repair; five explicitly printed alternative-headword groups expanded only as listed alternatives; reflexive and linked forms never collapsed.,"App-lemma grain only. Book-only headwords and the complete 1,001-entry index are intentionally not reproduced."
oddawać,core-A1-B1,false,1,a2-ecology-001,A2,1,0,oddawać;oddać,source-entry-string-after-conservative-normalization,304,,,,,NFC + casefold + whitespace normalization; one OCR glyph repair; five explicitly printed alternative-headword groups expanded only as listed alternatives; reflexive and linked forms never collapsed.,"App-lemma grain only. Book-only headwords and the complete 1,001-entry index are intentionally not reproduced."
odebrać,core-A1-B1,false,1,b1-getting-things-done-012,B1,1,0,odbierać;odebrać,none,,odbierać,297,,repository-pair-semantics-unreviewed;no-direct-listed-form-match,NFC + casefold + whitespace normalization; one OCR glyph repair; five explicitly printed alternative-headword groups expanded only as listed alternatives; reflexive and linked forms never collapsed.,"App-lemma grain only. Book-only headwords and the complete 1,001-entry index are intentionally not reproduced."
odpierdalać,core-A1-B1,false,1,b1-swearing-020,B1,1,0,,none,,,,,no-direct-listed-form-match,NFC + casefold + whitespace normalization; one OCR glyph repair; five explicitly printed alternative-headword groups expanded only as listed alternatives; reflexive and linked forms never collapsed.,"App-lemma grain only. Book-only headwords and the complete 1,001-entry index are intentionally not reproduced."
odpoczywać,core-A1-B1,false,2,a2-daily-life-007;b1-healthy-lifestyle-016,A2;B1,2,0,odpoczywać;odpocząć,source-entry-string-after-conservative-normalization,327,,,,,NFC + casefold + whitespace normalization; one OCR glyph repair; five explicitly printed alternative-headword groups expanded only as listed alternatives; reflexive and linked forms never collapsed.,"App-lemma grain only. Book-only headwords and the complete 1,001-entry index are intentionally not reproduced."
odreagować,podcast-only,false,1,podcasts-toxic-productivity-016,Podcasts,0,1,odreagować;odreagowywać,none,,,,,no-direct-listed-form-match,NFC + casefold + whitespace normalization; one OCR glyph repair; five explicitly printed alternative-headword groups expanded only as listed alternatives; reflexive and linked forms never collapsed.,"App-lemma grain only. Book-only headwords and the complete 1,001-entry index are intentionally not reproduced."
odwołać,core-A1-B1,false,1,b1-getting-things-done-015,B1,0,1,odwołać;odwoływać,none,,odwoływać,339,,repository-pair-semantics-unreviewed;no-direct-listed-form-match,NFC + casefold + whitespace normalization; one OCR glyph repair; five explicitly printed alternative-headword groups expanded only as listed alternatives; reflexive and linked forms never collapsed.,"App-lemma grain only. Book-only headwords and the complete 1,001-entry index are intentionally not reproduced."
odwracać,core-A1-B1,false,1,b1-idioms-018,B1,0,1,,none,,,,341,opposite-reflexivity-base-collision-not-a-match;no-direct-listed-form-match,NFC + casefold + whitespace normalization; one OCR glyph repair; five explicitly printed alternative-headword groups expanded only as listed alternatives; reflexive and linked forms never collapsed.,"App-lemma grain only. Book-only headwords and the complete 1,001-entry index are intentionally not reproduced."
odżywiać się,core-A1-B1,true,1,b1-healthy-lifestyle-003,B1,1,0,odżywiać się,none,,,,,no-direct-listed-form-match,NFC + casefold + whitespace normalization; one OCR glyph repair; five explicitly printed alternative-headword groups expanded only as listed alternatives; reflexive and linked forms never collapsed.,"App-lemma grain only. Book-only headwords and the complete 1,001-entry index are intentionally not reproduced."
ogarnąć,core-A1-B1,false,2,b1-everyday-slang-016;b1-corporate-slang-009,B1,1,1,ogarniać;ogarnąć,none,,ogarniać,346,,repository-pair-semantics-unreviewed;no-direct-listed-form-match,NFC + casefold + whitespace normalization; one OCR glyph repair; five explicitly printed alternative-headword groups expanded only as listed alternatives; reflexive and linked forms never collapsed.,"App-lemma grain only. Book-only headwords and the complete 1,001-entry index are intentionally not reproduced."
oglądać,core-A1-B1,false,1,a1-free-time-004,A1,1,0,obejrzeć;oglądać,source-entry-string-after-conservative-normalization,347,,,,,NFC + casefold + whitespace normalization; one OCR glyph repair; five explicitly printed alternative-headword groups expanded only as listed alternatives; reflexive and linked forms never collapsed.,"App-lemma grain only. Book-only headwords and the complete 1,001-entry index are intentionally not reproduced."
olać,core-A1-B1,false,1,b1-everyday-slang-020,B1,0,1,olać;olewać,none,,,,,no-direct-listed-form-match,NFC + casefold + whitespace normalization; one OCR glyph repair; five explicitly printed alternative-headword groups expanded only as listed alternatives; reflexive and linked forms never collapsed.,"App-lemma grain only. Book-only headwords and the complete 1,001-entry index are intentionally not reproduced."
oszczędzać,core-A1-B1,false,2,a2-ecology-013;b1-money-finance-004,A2;B1,2,0,oszczędzać;oszczędzić;zaoszczędzić,source-entry-string-after-conservative-normalization,377,,,,,NFC + casefold + whitespace normalization; one OCR glyph repair; five explicitly printed alternative-headword groups expanded only as listed alternatives; reflexive and linked forms never collapsed.,"App-lemma grain only. Book-only headwords and the complete 1,001-entry index are intentionally not reproduced."
pakować,core-A1-B1,false,1,a2-ecology-023,A2,1,0,pakować;zapakować,source-entry-string-after-conservative-normalization,390,,,,,NFC + casefold + whitespace normalization; one OCR glyph repair; five explicitly printed alternative-headword groups expanded only as listed alternatives; reflexive and linked forms never collapsed.,"App-lemma grain only. Book-only headwords and the complete 1,001-entry index are intentionally not reproduced."
pasować,core-A1-B1,false,3,a1-colours-clothes-021;a2-appearance-clothes-007;b1-idioms-022,A1;A2;B1,1,2,pasować,source-entry-string-after-conservative-normalization,396,,,,,NFC + casefold + whitespace normalization; one OCR glyph repair; five explicitly printed alternative-headword groups expanded only as listed alternatives; reflexive and linked forms never collapsed.,"App-lemma grain only. Book-only headwords and the complete 1,001-entry index are intentionally not reproduced."
paść,podcast-only,false,1,podcasts-toxic-productivity-017,Podcasts,0,1,padać;paść,none,,padać,389,,repository-pair-semantics-unreviewed;no-direct-listed-form-match,NFC + casefold + whitespace normalization; one OCR glyph repair; five explicitly printed alternative-headword groups expanded only as listed alternatives; reflexive and linked forms never collapsed.,"App-lemma grain only. Book-only headwords and the complete 1,001-entry index are intentionally not reproduced."
piec,core-A1-B1,false,1,a2-food-shopping-007,A2,1,0,piec;upiec,source-entry-string-after-conservative-normalization,401,,,,,NFC + casefold + whitespace normalization; one OCR glyph repair; five explicitly printed alternative-headword groups expanded only as listed alternatives; reflexive and linked forms never collapsed.,"App-lemma grain only. Book-only headwords and the complete 1,001-entry index are intentionally not reproduced."
pieprzyć,core-A1-B1,false,1,b1-swearing-012,B1,1,0,,none,,,,,no-direct-listed-form-match,NFC + casefold + whitespace normalization; one OCR glyph repair; five explicitly printed alternative-headword groups expanded only as listed alternatives; reflexive and linked forms never collapsed.,"App-lemma grain only. Book-only headwords and the complete 1,001-entry index are intentionally not reproduced."
pierdolić,core-A1-B1,false,1,b1-swearing-018,B1,1,0,,none,,,,,no-direct-listed-form-match,NFC + casefold + whitespace normalization; one OCR glyph repair; five explicitly printed alternative-headword groups expanded only as listed alternatives; reflexive and linked forms never collapsed.,"App-lemma grain only. Book-only headwords and the complete 1,001-entry index are intentionally not reproduced."
pić,core-A1-B1,false,1,a1-first-verbs-014,A1,1,0,pić;wypić,source-entry-string-after-conservative-normalization,400,,,,,NFC + casefold + whitespace normalization; one OCR glyph repair; five explicitly printed alternative-headword groups expanded only as listed alternatives; reflexive and linked forms never collapsed.,"App-lemma grain only. Book-only headwords and the complete 1,001-entry index are intentionally not reproduced."
planować,core-A1-B1,false,1,a2-leisure-culture-016,A2,1,0,planować;zaplanować,source-entry-string-after-conservative-normalization,405,,,,,NFC + casefold + whitespace normalization; one OCR glyph repair; five explicitly printed alternative-headword groups expanded only as listed alternatives; reflexive and linked forms never collapsed.,"App-lemma grain only. Book-only headwords and the complete 1,001-entry index are intentionally not reproduced."
podpisać,core-A1-B1,false,2,a2-official-matters-012;b1-getting-things-done-010,A2;B1,1,1,podpisać;podpisywać,none,,podpisywać,426,,repository-pair-semantics-unreviewed;no-direct-listed-form-match,NFC + casefold + whitespace normalization; one OCR glyph repair; five explicitly printed alternative-headword groups expanded only as listed alternatives; reflexive and linked forms never collapsed.,"App-lemma grain only. Book-only headwords and the complete 1,001-entry index are intentionally not reproduced."
podróżować,core-A1-B1,false,1,a1-free-time-017,A1,1,0,podróżować,source-entry-string-after-conservative-normalization,430,,,,,NFC + casefold + whitespace normalization; one OCR glyph repair; five explicitly printed alternative-headword groups expanded only as listed alternatives; reflexive and linked forms never collapsed.,"App-lemma grain only. Book-only headwords and the complete 1,001-entry index are intentionally not reproduced."
pogodzić się,core-A1-B1,true,1,b1-relationships-015,B1,1,0,godzić się;pogodzić się,none,,,,,no-direct-listed-form-match,NFC + casefold + whitespace normalization; one OCR glyph repair; five explicitly printed alternative-headword groups expanded only as listed alternatives; reflexive and linked forms never collapsed.,"App-lemma grain only. Book-only headwords and the complete 1,001-entry index are intentionally not reproduced."
pokłócić się,core-A1-B1,true,1,b1-relationships-014,B1,1,0,kłócić się;pokłócić się,none,,kłócić się,161,,repository-pair-semantics-unreviewed;no-direct-listed-form-match,NFC + casefold + whitespace normalization; one OCR glyph repair; five explicitly printed alternative-headword groups expanded only as listed alternatives; reflexive and linked forms never collapsed.,"App-lemma grain only. Book-only headwords and the complete 1,001-entry index are intentionally not reproduced."
polecać,core-A1-B1,false,1,b1-culture-entertainment-018,B1,1,0,polecać;polecić,source-entry-string-after-conservative-normalization,438,,,,,NFC + casefold + whitespace normalization; one OCR glyph repair; five explicitly printed alternative-headword groups expanded only as listed alternatives; reflexive and linked forms never collapsed.,"App-lemma grain only. Book-only headwords and the complete 1,001-entry index are intentionally not reproduced."
pomagać,core-A1-B1,false,1,a1-first-verbs-022,A1,1,0,pomagać;pomóc,source-entry-string-after-conservative-normalization,440,,,,,NFC + casefold + whitespace normalization; one OCR glyph repair; five explicitly printed alternative-headword groups expanded only as listed alternatives; reflexive and linked forms never collapsed.,"App-lemma grain only. Book-only headwords and the complete 1,001-entry index are intentionally not reproduced."
pożyczyć,core-A1-B1,false,1,b1-money-finance-009,B1,1,0,pożyczać;pożyczyć,none,,pożyczać,482,,repository-pair-semantics-unreviewed;no-direct-listed-form-match,NFC + casefold + whitespace normalization; one OCR glyph repair; five explicitly printed alternative-headword groups expanded only as listed alternatives; reflexive and linked forms never collapsed.,"App-lemma grain only. Book-only headwords and the complete 1,001-entry index are intentionally not reproduced."
pracować,core-A1-B1,false,1,a1-first-verbs-017,A1,1,0,pracować,source-entry-string-after-conservative-normalization,483,,,,,NFC + casefold + whitespace normalization; one OCR glyph repair; five explicitly printed alternative-headword groups expanded only as listed alternatives; reflexive and linked forms never collapsed.,"App-lemma grain only. Book-only headwords and the complete 1,001-entry index are intentionally not reproduced."
prać,core-A1-B1,false,1,a2-daily-life-006,A2,1,0,prać;wyprać,source-entry-string-after-conservative-normalization,484,,,,,NFC + casefold + whitespace normalization; one OCR glyph repair; five explicitly printed alternative-headword groups expanded only as listed alternatives; reflexive and linked forms never collapsed.,"App-lemma grain only. Book-only headwords and the complete 1,001-entry index are intentionally not reproduced."
prowadzić,podcast-only,false,1,podcasts-toxic-productivity-009,Podcasts,0,1,doprowadzić;prowadzić,source-entry-string-after-conservative-normalization,492,,,,,NFC + casefold + whitespace normalization; one OCR glyph repair; five explicitly printed alternative-headword groups expanded only as listed alternatives; reflexive and linked forms never collapsed.,"App-lemma grain only. Book-only headwords and the complete 1,001-entry index are intentionally not reproduced."
przekonać,core-A1-B1,false,1,b1-expressing-opinions-012,B1,1,0,przekonać;przekonywać,none,,przekonywać,507,,repository-pair-semantics-unreviewed;no-direct-listed-form-match,NFC + casefold + whitespace normalization; one OCR glyph repair; five explicitly printed alternative-headword groups expanded only as listed alternatives; reflexive and linked forms never collapsed.,"App-lemma grain only. Book-only headwords and the complete 1,001-entry index are intentionally not reproduced."
przepraszać,core-A1-B1,false,1,b1-relationships-016,B1,1,0,przepraszać;przeprosić,source-entry-string-after-conservative-normalization,519,,,,,NFC + casefold + whitespace normalization; one OCR glyph repair; five explicitly printed alternative-headword groups expanded only as listed alternatives; reflexive and linked forms never collapsed.,"App-lemma grain only. Book-only headwords and the complete 1,001-entry index are intentionally not reproduced."
przymierzyć,core-A1-B1,false,1,a2-appearance-clothes-006,A2,1,0,,none,,,,,no-direct-listed-form-match,NFC + casefold + whitespace normalization; one OCR glyph repair; five explicitly printed alternative-headword groups expanded only as listed alternatives; reflexive and linked forms never collapsed.,"App-lemma grain only. Book-only headwords and the complete 1,001-entry index are intentionally not reproduced."
przypierdolić się,core-A1-B1,true,1,b1-swearing-022,B1,1,0,,none,,,,,no-direct-listed-form-match,NFC + casefold + whitespace normalization; one OCR glyph repair; five explicitly printed alternative-headword groups expanded only as listed alternatives; reflexive and linked forms never collapsed.,"App-lemma grain only. Book-only headwords and the complete 1,001-entry index are intentionally not reproduced."
płacić,core-A1-B1,false,3,a2-quantities-money-022;a2-quantities-money-026;b1-money-finance-013,A2;B1,0,3,płacić;zapłacić,source-entry-string-after-conservative-normalization,406,,,,,NFC + casefold + whitespace normalization; one OCR glyph repair; five explicitly printed alternative-headword groups expanded only as listed alternatives; reflexive and linked forms never collapsed.,"App-lemma grain only. Book-only headwords and the complete 1,001-entry index are intentionally not reproduced."
pływać,core-A1-B1,false,1,a1-free-time-012,A1,1,0,pływać,source-entry-string-after-conservative-normalization,410,,,,,NFC + casefold + whitespace normalization; one OCR glyph repair; five explicitly printed alternative-headword groups expanded only as listed alternatives; reflexive and linked forms never collapsed.,"App-lemma grain only. Book-only headwords and the complete 1,001-entry index are intentionally not reproduced."
redukować,core-A1-B1,false,1,a2-ecology-027,A2,1,0,redukować;zredukować,none,,,,,no-direct-listed-form-match,NFC + casefold + whitespace normalization; one OCR glyph repair; five explicitly printed alternative-headword groups expanded only as listed alternatives; reflexive and linked forms never collapsed.,"App-lemma grain only. Book-only headwords and the complete 1,001-entry index are intentionally not reproduced."
relaksować się,core-A1-B1,true,1,b1-healthy-lifestyle-017,B1,1,0,relaksować się;zrelaksować się,none,,,,,no-direct-listed-form-match,NFC + casefold + whitespace normalization; one OCR glyph repair; five explicitly printed alternative-headword groups expanded only as listed alternatives; reflexive and linked forms never collapsed.,"App-lemma grain only. Book-only headwords and the complete 1,001-entry index are intentionally not reproduced."
rezerwować,core-A1-B1,false,1,a2-travel-holidays-007,A2,1,0,rezerwować;zarezerwować,none,,,,,no-direct-listed-form-match,NFC + casefold + whitespace normalization; one OCR glyph repair; five explicitly printed alternative-headword groups expanded only as listed alternatives; reflexive and linked forms never collapsed.,"App-lemma grain only. Book-only headwords and the complete 1,001-entry index are intentionally not reproduced."
robić,core-A1-B1,false,4,a1-morning-routine-011;a1-first-verbs-008;a1-free-time-018;b1-idioms-003,A1;B1,1,3,robić;zrobić,source-entry-string-after-conservative-normalization,586,,,,,NFC + casefold + whitespace normalization; one OCR glyph repair; five explicitly printed alternative-headword groups expanded only as listed alternatives; reflexive and linked forms never collapsed.,"App-lemma grain only. Book-only headwords and the complete 1,001-entry index are intentionally not reproduced."
rozstać się,core-A1-B1,true,1,b1-relationships-011,B1,1,0,rozstawać się;rozstać się,none,,rozstawać się,613,,repository-pair-semantics-unreviewed;no-direct-listed-form-match,NFC + casefold + whitespace normalization; one OCR glyph repair; five explicitly printed alternative-headword groups expanded only as listed alternatives; reflexive and linked forms never collapsed.,"App-lemma grain only. Book-only headwords and the complete 1,001-entry index are intentionally not reproduced."
rozumieć,core-A1-B1,false,1,a1-first-verbs-010,A1,1,0,rozumieć;zrozumieć,source-entry-string-after-conservative-normalization,616,,,,,NFC + casefold + whitespace normalization; one OCR glyph repair; five explicitly printed alternative-headword groups expanded only as listed alternatives; reflexive and linked forms never collapsed.,"App-lemma grain only. Book-only headwords and the complete 1,001-entry index are intentionally not reproduced."
rzucać,core-A1-B1,false,2,b1-idioms-007;b1-idioms-011,B1,0,2,,source-entry-string-after-conservative-normalization,630,,,,,NFC + casefold + whitespace normalization; one OCR glyph repair; five explicitly printed alternative-headword groups expanded only as listed alternatives; reflexive and linked forms never collapsed.,"App-lemma grain only. Book-only headwords and the complete 1,001-entry index are intentionally not reproduced."
schudnąć,core-A1-B1,false,1,b1-healthy-lifestyle-006,B1,1,0,chudnąć;schudnąć,none,,,,,no-direct-listed-form-match,NFC + casefold + whitespace normalization; one OCR glyph repair; five explicitly printed alternative-headword groups expanded only as listed alternatives; reflexive and linked forms never collapsed.,"App-lemma grain only. Book-only headwords and the complete 1,001-entry index are intentionally not reproduced."
segregować,core-A1-B1,false,1,a2-ecology-005,A2,1,0,,none,,,,,no-direct-listed-form-match,NFC + casefold + whitespace normalization; one OCR glyph repair; five explicitly printed alternative-headword groups expanded only as listed alternatives; reflexive and linked forms never collapsed.,"App-lemma grain only. Book-only headwords and the complete 1,001-entry index are intentionally not reproduced."
siedzieć,core-A1-B1,false,1,b1-idioms-017,B1,0,1,,source-entry-string-after-conservative-normalization,635,,,,,NFC + casefold + whitespace normalization; one OCR glyph repair; five explicitly printed alternative-headword groups expanded only as listed alternatives; reflexive and linked forms never collapsed.,"App-lemma grain only. Book-only headwords and the complete 1,001-entry index are intentionally not reproduced."
skręcić,core-A1-B1,false,3,a1-directions-018;a2-directions-orientation-005;a2-directions-orientation-023,A1;A2,1,2,skręcać;skręcić,none,,,,,no-direct-listed-form-match,NFC + casefold + whitespace normalization; one OCR glyph repair; five explicitly printed alternative-headword groups expanded only as listed alternatives; reflexive and linked forms never collapsed.,"App-lemma grain only. Book-only headwords and the complete 1,001-entry index are intentionally not reproduced."
skupiać się,podcast-only,true,1,podcasts-toxic-productivity-015,Podcasts,0,1,skupiać się;skupić się,none,,,,,no-direct-listed-form-match,NFC + casefold + whitespace normalization; one OCR glyph repair; five explicitly printed alternative-headword groups expanded only as listed alternatives; reflexive and linked forms never collapsed.,"App-lemma grain only. Book-only headwords and the complete 1,001-entry index are intentionally not reproduced."
smażyć,core-A1-B1,false,1,a2-food-shopping-006,A2,1,0,smażyć;usmażyć,source-entry-string-after-conservative-normalization,646,,,,,NFC + casefold + whitespace normalization; one OCR glyph repair; five explicitly printed alternative-headword groups expanded only as listed alternatives; reflexive and linked forms never collapsed.,"App-lemma grain only. Book-only headwords and the complete 1,001-entry index are intentionally not reproduced."
spadać,core-A1-B1,false,1,b1-urban-party-slang-010,B1,1,0,,source-entry-string-after-conservative-normalization,650,,,,,NFC + casefold + whitespace normalization; one OCR glyph repair; five explicitly printed alternative-headword groups expanded only as listed alternatives; reflexive and linked forms never collapsed.,"App-lemma grain only. Book-only headwords and the complete 1,001-entry index are intentionally not reproduced."
spełniać się,podcast-only,true,1,podcasts-work-life-004,Podcasts,0,1,,none,,,,,no-direct-listed-form-match,NFC + casefold + whitespace normalization; one OCR glyph repair; five explicitly printed alternative-headword groups expanded only as listed alternatives; reflexive and linked forms never collapsed.,"App-lemma grain only. Book-only headwords and the complete 1,001-entry index are intentionally not reproduced."
spierdalać,core-A1-B1,false,1,b1-swearing-019,B1,1,0,,none,,,,,no-direct-listed-form-match,NFC + casefold + whitespace normalization; one OCR glyph repair; five explicitly printed alternative-headword groups expanded only as listed alternatives; reflexive and linked forms never collapsed.,"App-lemma grain only. Book-only headwords and the complete 1,001-entry index are intentionally not reproduced."
spieszyć się,core-A1-B1,true,1,a1-morning-routine-016,A1,1,0,pospieszyć się;spieszyć się,explicitly-listed-alternative-after-conservative-normalization,653,,,,explicitly-listed-alternative-form,NFC + casefold + whitespace normalization; one OCR glyph repair; five explicitly printed alternative-headword groups expanded only as listed alternatives; reflexive and linked forms never collapsed.,"App-lemma grain only. Book-only headwords and the complete 1,001-entry index are intentionally not reproduced."
spotykać się,core-A1-B1,true,2,a1-free-time-016;a2-leisure-culture-011,A1;A2,1,1,spotkać się;spotykać się,source-entry-string-after-conservative-normalization,658,,,,,NFC + casefold + whitespace normalization; one OCR glyph repair; five explicitly printed alternative-headword groups expanded only as listed alternatives; reflexive and linked forms never collapsed.,"App-lemma grain only. Book-only headwords and the complete 1,001-entry index are intentionally not reproduced."
sprowadzić,podcast-only,false,1,podcasts-toxic-productivity-005,Podcasts,0,1,sprowadzać;sprowadzić,none,,,,,no-direct-listed-form-match,NFC + casefold + whitespace normalization; one OCR glyph repair; five explicitly printed alternative-headword groups expanded only as listed alternatives; reflexive and linked forms never collapsed.,"App-lemma grain only. Book-only headwords and the complete 1,001-entry index are intentionally not reproduced."
sprzątać,core-A1-B1,false,1,a2-daily-life-005,A2,1,0,posprzątać;sprzątać,source-entry-string-after-conservative-normalization,663,,,,,NFC + casefold + whitespace normalization; one OCR glyph repair; five explicitly printed alternative-headword groups expanded only as listed alternatives; reflexive and linked forms never collapsed.,"App-lemma grain only. Book-only headwords and the complete 1,001-entry index are intentionally not reproduced."
stanowić,podcast-only,false,1,podcasts-work-life-010,Podcasts,0,1,,none,,,,,no-direct-listed-form-match,NFC + casefold + whitespace normalization; one OCR glyph repair; five explicitly printed alternative-headword groups expanded only as listed alternatives; reflexive and linked forms never collapsed.,"App-lemma grain only. Book-only headwords and the complete 1,001-entry index are intentionally not reproduced."
stać się,podcast-only,true,1,podcasts-meaning-of-life-013,Podcasts,0,1,,none,,,,667,opposite-reflexivity-base-collision-not-a-match;no-direct-listed-form-match,NFC + casefold + whitespace normalization; one OCR glyph repair; five explicitly printed alternative-headword groups expanded only as listed alternatives; reflexive and linked forms never collapsed.,"App-lemma grain only. Book-only headwords and the complete 1,001-entry index are intentionally not reproduced."
szukać,core-A1-B1,false,3,a1-first-verbs-020;a2-work-education-010;b1-idioms-026,A1;A2;B1,1,2,poszukać;szukać;znaleźć,source-entry-string-after-conservative-normalization,684,,,,,NFC + casefold + whitespace normalization; one OCR glyph repair; five explicitly printed alternative-headword groups expanded only as listed alternatives; reflexive and linked forms never collapsed.,"App-lemma grain only. Book-only headwords and the complete 1,001-entry index are intentionally not reproduced."
słuchać,core-A1-B1,false,1,a1-free-time-005,A1,0,1,posłuchać;słuchać,source-entry-string-after-conservative-normalization,643,,,,,NFC + casefold + whitespace normalization; one OCR glyph repair; five explicitly printed alternative-headword groups expanded only as listed alternatives; reflexive and linked forms never collapsed.,"App-lemma grain only. Book-only headwords and the complete 1,001-entry index are intentionally not reproduced."
tańczyć,core-A1-B1,false,1,a1-free-time-009,A1,1,0,tańczyć;zatańczyć,source-entry-string-after-conservative-normalization,694,,,,,NFC + casefold + whitespace normalization; one OCR glyph repair; five explicitly printed alternative-headword groups expanded only as listed alternatives; reflexive and linked forms never collapsed.,"App-lemma grain only. Book-only headwords and the complete 1,001-entry index are intentionally not reproduced."
traktować,podcast-only,false,1,podcasts-toxic-productivity-008,Podcasts,0,1,potraktować;traktować,none,,,,,no-direct-listed-form-match,NFC + casefold + whitespace normalization; one OCR glyph repair; five explicitly printed alternative-headword groups expanded only as listed alternatives; reflexive and linked forms never collapsed.,"App-lemma grain only. Book-only headwords and the complete 1,001-entry index are intentionally not reproduced."
trzymać,core-A1-B1,false,1,b1-idioms-015,B1,0,1,,source-entry-string-after-conservative-normalization,705,,,,,NFC + casefold + whitespace normalization; one OCR glyph repair; five explicitly printed alternative-headword groups expanded only as listed alternatives; reflexive and linked forms never collapsed.,"App-lemma grain only. Book-only headwords and the complete 1,001-entry index are intentionally not reproduced."
tyrać,core-A1-B1,false,1,b1-corporate-slang-008,B1,1,0,tyrać,none,,,,,no-direct-listed-form-match,NFC + casefold + whitespace normalization; one OCR glyph repair; five explicitly printed alternative-headword groups expanded only as listed alternatives; reflexive and linked forms never collapsed.,"App-lemma grain only. Book-only headwords and the complete 1,001-entry index are intentionally not reproduced."
tęsknić,core-A1-B1,false,1,b1-relationships-012,B1,1,0,tęsknić;zatęsknić,source-entry-string-after-conservative-normalization,696,,,,,NFC + casefold + whitespace normalization; one OCR glyph repair; five explicitly printed alternative-headword groups expanded only as listed alternatives; reflexive and linked forms never collapsed.,"App-lemma grain only. Book-only headwords and the complete 1,001-entry index are intentionally not reproduced."
ubierać się,core-A1-B1,true,1,a1-morning-routine-008,A1,1,0,ubierać się;ubrać się,source-entry-string-after-conservative-normalization,710,,,,,NFC + casefold + whitespace normalization; one OCR glyph repair; five explicitly printed alternative-headword groups expanded only as listed alternatives; reflexive and linked forms never collapsed.,"App-lemma grain only. Book-only headwords and the complete 1,001-entry index are intentionally not reproduced."
uciec,podcast-only,false,1,podcasts-work-life-012,Podcasts,0,1,,none,,,,,no-direct-listed-form-match,NFC + casefold + whitespace normalization; one OCR glyph repair; five explicitly printed alternative-headword groups expanded only as listed alternatives; reflexive and linked forms never collapsed.,"App-lemma grain only. Book-only headwords and the complete 1,001-entry index are intentionally not reproduced."
uczyć się,core-A1-B1,true,1,a2-work-education-007,A2,1,0,nauczyć się;uczyć się,source-entry-string-after-conservative-normalization,718,nauczyć się,261,,repository-pair-semantics-unreviewed,NFC + casefold + whitespace normalization; one OCR glyph repair; five explicitly printed alternative-headword groups expanded only as listed alternatives; reflexive and linked forms never collapsed.,"App-lemma grain only. Book-only headwords and the complete 1,001-entry index are intentionally not reproduced."
udostępnić,core-A1-B1,false,1,b1-media-technology-008,B1,1,0,udostępniać;udostępnić,none,,udostępniać,723,,repository-pair-semantics-unreviewed;no-direct-listed-form-match,NFC + casefold + whitespace normalization; one OCR glyph repair; five explicitly printed alternative-headword groups expanded only as listed alternatives; reflexive and linked forms never collapsed.,"App-lemma grain only. Book-only headwords and the complete 1,001-entry index are intentionally not reproduced."
ukraść,core-A1-B1,false,1,b1-travel-problems-006,B1,1,0,kraść;ukraść,none,,kraść,175,,repository-pair-semantics-unreviewed;no-direct-listed-form-match,NFC + casefold + whitespace normalization; one OCR glyph repair; five explicitly printed alternative-headword groups expanded only as listed alternatives; reflexive and linked forms never collapsed.,"App-lemma grain only. Book-only headwords and the complete 1,001-entry index are intentionally not reproduced."
ulegać,podcast-only,false,1,podcasts-toxic-productivity-001,Podcasts,0,1,ulec;ulegać,source-entry-string-after-conservative-normalization,734,,,,,NFC + casefold + whitespace normalization; one OCR glyph repair; five explicitly printed alternative-headword groups expanded only as listed alternatives; reflexive and linked forms never collapsed.,"App-lemma grain only. Book-only headwords and the complete 1,001-entry index are intentionally not reproduced."
umówić się,core-A1-B1,true,2,a2-official-matters-014;b1-relationships-003,A2;B1,0,2,umawiać się;umówić się,none,,umawiać się,736,,repository-pair-semantics-unreviewed;no-direct-listed-form-match,NFC + casefold + whitespace normalization; one OCR glyph repair; five explicitly printed alternative-headword groups expanded only as listed alternatives; reflexive and linked forms never collapsed.,"App-lemma grain only. Book-only headwords and the complete 1,001-entry index are intentionally not reproduced."
uprawiać,core-A1-B1,false,1,a2-leisure-culture-007,A2,0,1,uprawiać,source-entry-string-after-conservative-normalization,746,,,,,NFC + casefold + whitespace normalization; one OCR glyph repair; five explicitly printed alternative-headword groups expanded only as listed alternatives; reflexive and linked forms never collapsed.,"App-lemma grain only. Book-only headwords and the complete 1,001-entry index are intentionally not reproduced."
urwać się,core-A1-B1,true,1,b1-idioms-013,B1,0,1,,none,,,,,no-direct-listed-form-match,NFC + casefold + whitespace normalization; one OCR glyph repair; five explicitly printed alternative-headword groups expanded only as listed alternatives; reflexive and linked forms never collapsed.,"App-lemma grain only. Book-only headwords and the complete 1,001-entry index are intentionally not reproduced."
utknąć,core-A1-B1,false,2,b1-travel-problems-017;podcasts-work-life-011,B1;Podcasts,1,1,utknąć;utykać,none,,,,,no-direct-listed-form-match,NFC + casefold + whitespace normalization; one OCR glyph repair; five explicitly printed alternative-headword groups expanded only as listed alternatives; reflexive and linked forms never collapsed.,"App-lemma grain only. Book-only headwords and the complete 1,001-entry index are intentionally not reproduced."
utożsamiać się,podcast-only,true,1,podcasts-work-life-013,Podcasts,0,1,,none,,,,,no-direct-listed-form-match,NFC + casefold + whitespace normalization; one OCR glyph repair; five explicitly printed alternative-headword groups expanded only as listed alternatives; reflexive and linked forms never collapsed.,"App-lemma grain only. Book-only headwords and the complete 1,001-entry index are intentionally not reproduced."
używać,core-A1-B1,false,1,a2-ecology-024,A2,1,0,używać;użyć,source-entry-string-after-conservative-normalization,767,,,,,NFC + casefold + whitespace normalization; one OCR glyph repair; five explicitly printed alternative-headword groups expanded only as listed alternatives; reflexive and linked forms never collapsed.,"App-lemma grain only. Book-only headwords and the complete 1,001-entry index are intentionally not reproduced."
wbić,core-A1-B1,false,1,b1-urban-party-slang-002,B1,1,0,wbijać;wbić,none,,,,,no-direct-listed-form-match,NFC + casefold + whitespace normalization; one OCR glyph repair; five explicitly printed alternative-headword groups expanded only as listed alternatives; reflexive and linked forms never collapsed.,"App-lemma grain only. Book-only headwords and the complete 1,001-entry index are intentionally not reproduced."
wiedzieć,core-A1-B1,false,1,a1-first-verbs-011,A1,1,0,wiedzieć,source-entry-string-after-conservative-normalization,780,,,,,NFC + casefold + whitespace normalization; one OCR glyph repair; five explicitly printed alternative-headword groups expanded only as listed alternatives; reflexive and linked forms never collapsed.,"App-lemma grain only. Book-only headwords and the complete 1,001-entry index are intentionally not reproduced."
wiercić,core-A1-B1,false,1,b1-idioms-008,B1,0,1,,none,,,,,no-direct-listed-form-match,NFC + casefold + whitespace normalization; one OCR glyph repair; five explicitly printed alternative-headword groups expanded only as listed alternatives; reflexive and linked forms never collapsed.,"App-lemma grain only. Book-only headwords and the complete 1,001-entry index are intentionally not reproduced."
wieszać,core-A1-B1,false,1,b1-idioms-019,B1,0,1,,source-entry-string-after-conservative-normalization,782,,,,,NFC + casefold + whitespace normalization; one OCR glyph repair; five explicitly printed alternative-headword groups expanded only as listed alternatives; reflexive and linked forms never collapsed.,"App-lemma grain only. Book-only headwords and the complete 1,001-entry index are intentionally not reproduced."
wkurwić się,core-A1-B1,true,1,b1-swearing-024,B1,1,0,,none,,,,,no-direct-listed-form-match,NFC + casefold + whitespace normalization; one OCR glyph repair; five explicitly printed alternative-headword groups expanded only as listed alternatives; reflexive and linked forms never collapsed.,"App-lemma grain only. Book-only headwords and the complete 1,001-entry index are intentionally not reproduced."
wkurzać się,core-A1-B1,true,1,b1-swearing-010,B1,1,0,wkurzać się;wkurzyć się,none,,,,,no-direct-listed-form-match,NFC + casefold + whitespace normalization; one OCR glyph repair; five explicitly printed alternative-headword groups expanded only as listed alternatives; reflexive and linked forms never collapsed.,"App-lemma grain only. Book-only headwords and the complete 1,001-entry index are intentionally not reproduced."
wpaść,core-A1-B1,false,2,b1-idioms-014;podcasts-toxic-productivity-002,B1;Podcasts,0,2,wpadać;wpaść,none,,wpadać,797,,repository-pair-semantics-unreviewed;no-direct-listed-form-match,NFC + casefold + whitespace normalization; one OCR glyph repair; five explicitly printed alternative-headword groups expanded only as listed alternatives; reflexive and linked forms never collapsed.,"App-lemma grain only. Book-only headwords and the complete 1,001-entry index are intentionally not reproduced."
wracać,core-A1-B1,false,1,a2-daily-life-004,A2,0,1,wracać;wrócić,source-entry-string-after-conservative-normalization,804,,,,,NFC + casefold + whitespace normalization; one OCR glyph repair; five explicitly printed alternative-headword groups expanded only as listed alternatives; reflexive and linked forms never collapsed.,"App-lemma grain only. Book-only headwords and the complete 1,001-entry index are intentionally not reproduced."
wstawać,core-A1-B1,false,1,a1-morning-routine-003,A1,1,0,wstawać;wstać,source-entry-string-after-conservative-normalization,812,,,,,NFC + casefold + whitespace normalization; one OCR glyph repair; five explicitly printed alternative-headword groups expanded only as listed alternatives; reflexive and linked forms never collapsed.,"App-lemma grain only. Book-only headwords and the complete 1,001-entry index are intentionally not reproduced."
wybaczyć,core-A1-B1,false,1,b1-relationships-017,B1,1,0,wybaczać;wybaczyć,none,,wybaczać,815,,repository-pair-semantics-unreviewed;no-direct-listed-form-match,NFC + casefold + whitespace normalization; one OCR glyph repair; five explicitly printed alternative-headword groups expanded only as listed alternatives; reflexive and linked forms never collapsed.,"App-lemma grain only. Book-only headwords and the complete 1,001-entry index are intentionally not reproduced."
wychodzić,core-A1-B1,false,1,a1-morning-routine-017,A1,0,1,wychodzić;wyjść,source-entry-string-after-conservative-normalization,820,,,,,NFC + casefold + whitespace normalization; one OCR glyph repair; five explicitly printed alternative-headword groups expanded only as listed alternatives; reflexive and linked forms never collapsed.,"App-lemma grain only. Book-only headwords and the complete 1,001-entry index are intentionally not reproduced."
wycinać,core-A1-B1,false,1,a2-ecology-028,A2,1,0,wycinać;wyciąć,none,,,,,no-direct-listed-form-match,NFC + casefold + whitespace normalization; one OCR glyph repair; five explicitly printed alternative-headword groups expanded only as listed alternatives; reflexive and linked forms never collapsed.,"App-lemma grain only. Book-only headwords and the complete 1,001-entry index are intentionally not reproduced."
wydawać,core-A1-B1,false,1,b1-money-finance-007,B1,1,0,wydawać;wydać,source-entry-string-after-conservative-normalization,823,,,,,NFC + casefold + whitespace normalization; one OCR glyph repair; five explicitly printed alternative-headword groups expanded only as listed alternatives; reflexive and linked forms never collapsed.,"App-lemma grain only. Book-only headwords and the complete 1,001-entry index are intentionally not reproduced."
wyglądać,core-A1-B1,false,1,a2-appearance-clothes-001,A2,0,1,,source-entry-string-after-conservative-normalization,826,,,,,NFC + casefold + whitespace normalization; one OCR glyph repair; five explicitly printed alternative-headword groups expanded only as listed alternatives; reflexive and linked forms never collapsed.,"App-lemma grain only. Book-only headwords and the complete 1,001-entry index are intentionally not reproduced."
wylogować się,core-A1-B1,true,1,b1-media-technology-007,B1,1,0,wylogować się;wylogowywać się,none,,,,,no-direct-listed-form-match,NFC + casefold + whitespace normalization; one OCR glyph repair; five explicitly printed alternative-headword groups expanded only as listed alternatives; reflexive and linked forms never collapsed.,"App-lemma grain only. Book-only headwords and the complete 1,001-entry index are intentionally not reproduced."
wymieniać się,core-A1-B1,true,1,a2-ecology-022,A2,1,0,wymieniać się;wymienić się,none,,,,841,opposite-reflexivity-base-collision-not-a-match;no-direct-listed-form-match,NFC + casefold + whitespace normalization; one OCR glyph repair; five explicitly printed alternative-headword groups expanded only as listed alternatives; reflexive and linked forms never collapsed.,"App-lemma grain only. Book-only headwords and the complete 1,001-entry index are intentionally not reproduced."
wypełnić,core-A1-B1,false,1,a2-official-matters-010,A2,1,0,wypełniać;wypełnić,none,,wypełniać,850,,repository-pair-semantics-unreviewed;no-direct-listed-form-match,NFC + casefold + whitespace normalization; one OCR glyph repair; five explicitly printed alternative-headword groups expanded only as listed alternatives; reflexive and linked forms never collapsed.,"App-lemma grain only. Book-only headwords and the complete 1,001-entry index are intentionally not reproduced."
wypłacić,core-A1-B1,false,1,b1-money-finance-011,B1,0,1,wypłacać;wypłacić,none,,,,,no-direct-listed-form-match,NFC + casefold + whitespace normalization; one OCR glyph repair; five explicitly printed alternative-headword groups expanded only as listed alternatives; reflexive and linked forms never collapsed.,"App-lemma grain only. Book-only headwords and the complete 1,001-entry index are intentionally not reproduced."
wyrzucać,core-A1-B1,false,1,a2-ecology-004,A2,1,0,wyrzucać;wyrzucić,source-entry-string-after-conservative-normalization,860,,,,,NFC + casefold + whitespace normalization; one OCR glyph repair; five explicitly printed alternative-headword groups expanded only as listed alternatives; reflexive and linked forms never collapsed.,"App-lemma grain only. Book-only headwords and the complete 1,001-entry index are intentionally not reproduced."
wytyczać,podcast-only,false,1,podcasts-meaning-of-life-010,Podcasts,0,1,,none,,,,,no-direct-listed-form-match,NFC + casefold + whitespace normalization; one OCR glyph repair; five explicitly printed alternative-headword groups expanded only as listed alternatives; reflexive and linked forms never collapsed.,"App-lemma grain only. Book-only headwords and the complete 1,001-entry index are intentionally not reproduced."
wywoływać,core-A1-B1,false,1,b1-idioms-020,B1,0,1,,source-entry-string-after-conservative-normalization,870,,,,,NFC + casefold + whitespace normalization; one OCR glyph repair; five explicitly printed alternative-headword groups expanded only as listed alternatives; reflexive and linked forms never collapsed.,"App-lemma grain only. Book-only headwords and the complete 1,001-entry index are intentionally not reproduced."
wyłączać,core-A1-B1,false,1,a2-ecology-014,A2,1,0,wyłączać;wyłączyć,source-entry-string-after-conservative-normalization,837,,,,,NFC + casefold + whitespace normalization; one OCR glyph repair; five explicitly printed alternative-headword groups expanded only as listed alternatives; reflexive and linked forms never collapsed.,"App-lemma grain only. Book-only headwords and the complete 1,001-entry index are intentionally not reproduced."
wziąć się,core-A1-B1,true,1,b1-idioms-027,B1,0,1,,none,,,,,no-direct-listed-form-match,NFC + casefold + whitespace normalization; one OCR glyph repair; five explicitly printed alternative-headword groups expanded only as listed alternatives; reflexive and linked forms never collapsed.,"App-lemma grain only. Book-only headwords and the complete 1,001-entry index are intentionally not reproduced."
zabłądzić,core-A1-B1,false,1,a2-directions-orientation-020,A2,1,0,,none,,,,,no-direct-listed-form-match,NFC + casefold + whitespace normalization; one OCR glyph repair; five explicitly printed alternative-headword groups expanded only as listed alternatives; reflexive and linked forms never collapsed.,"App-lemma grain only. Book-only headwords and the complete 1,001-entry index are intentionally not reproduced."
zakochać się,core-A1-B1,true,1,b1-relationships-004,B1,1,0,zakochać się;zakochiwać się,none,,zakochiwać się,899,,repository-pair-semantics-unreviewed;no-direct-listed-form-match,NFC + casefold + whitespace normalization; one OCR glyph repair; five explicitly printed alternative-headword groups expanded only as listed alternatives; reflexive and linked forms never collapsed.,"App-lemma grain only. Book-only headwords and the complete 1,001-entry index are intentionally not reproduced."
zakręcać,core-A1-B1,false,1,a2-ecology-015,A2,1,0,zakręcać;zakręcić,source-entry-string-after-conservative-normalization,901,,,,,NFC + casefold + whitespace normalization; one OCR glyph repair; five explicitly printed alternative-headword groups expanded only as listed alternatives; reflexive and linked forms never collapsed.,"App-lemma grain only. Book-only headwords and the complete 1,001-entry index are intentionally not reproduced."
zakładać,core-A1-B1,false,1,a2-appearance-clothes-005,A2,1,0,zakładać;założyć,source-entry-string-after-conservative-normalization,898,,,,,NFC + casefold + whitespace normalization; one OCR glyph repair; five explicitly printed alternative-headword groups expanded only as listed alternatives; reflexive and linked forms never collapsed.,"App-lemma grain only. Book-only headwords and the complete 1,001-entry index are intentionally not reproduced."
zalogować się,core-A1-B1,true,1,b1-media-technology-006,B1,1,0,logować się;zalogować się,none,,,,,no-direct-listed-form-match,NFC + casefold + whitespace normalization; one OCR glyph repair; five explicitly printed alternative-headword groups expanded only as listed alternatives; reflexive and linked forms never collapsed.,"App-lemma grain only. Book-only headwords and the complete 1,001-entry index are intentionally not reproduced."
zapraszać,core-A1-B1,false,1,a2-holidays-traditions-019,A2,1,0,zapraszać;zaprosić,source-entry-string-after-conservative-normalization,923,,,,,NFC + casefold + whitespace normalization; one OCR glyph repair; five explicitly printed alternative-headword groups expanded only as listed alternatives; reflexive and linked forms never collapsed.,"App-lemma grain only. Book-only headwords and the complete 1,001-entry index are intentionally not reproduced."
zaprosić,core-A1-B1,false,1,a2-leisure-culture-014,A2,1,0,zapraszać;zaprosić,none,,zapraszać,923,,repository-pair-semantics-unreviewed;no-direct-listed-form-match,NFC + casefold + whitespace normalization; one OCR glyph repair; five explicitly printed alternative-headword groups expanded only as listed alternatives; reflexive and linked forms never collapsed.,"App-lemma grain only. Book-only headwords and the complete 1,001-entry index are intentionally not reproduced."
zarabiać,core-A1-B1,false,1,b1-money-finance-006,B1,1,0,zarabiać;zarobić,source-entry-string-after-conservative-normalization,924,,,,,NFC + casefold + whitespace normalization; one OCR glyph repair; five explicitly printed alternative-headword groups expanded only as listed alternatives; reflexive and linked forms never collapsed.,"App-lemma grain only. Book-only headwords and the complete 1,001-entry index are intentionally not reproduced."
zastanawiać się,podcast-only,true,1,podcasts-toxic-productivity-014,Podcasts,0,1,zastanawiać się;zastanowić się,source-entry-string-after-conservative-normalization,929,,,,,NFC + casefold + whitespace normalization; one OCR glyph repair; five explicitly printed alternative-headword groups expanded only as listed alternatives; reflexive and linked forms never collapsed.,"App-lemma grain only. Book-only headwords and the complete 1,001-entry index are intentionally not reproduced."
zasypiać,core-A1-B1,false,1,a2-daily-life-009,A2,1,0,zasnąć;zasypiać,source-entry-string-after-conservative-normalization,935,,,,,NFC + casefold + whitespace normalization; one OCR glyph repair; five explicitly printed alternative-headword groups expanded only as listed alternatives; reflexive and linked forms never collapsed.,"App-lemma grain only. Book-only headwords and the complete 1,001-entry index are intentionally not reproduced."
zatrudnić,core-A1-B1,false,1,b1-career-008,B1,1,0,zatrudniać;zatrudnić,none,,zatrudniać,936,,repository-pair-semantics-unreviewed;no-direct-listed-form-match,NFC + casefold + whitespace normalization; one OCR glyph repair; five explicitly printed alternative-headword groups expanded only as listed alternatives; reflexive and linked forms never collapsed.,"App-lemma grain only. Book-only headwords and the complete 1,001-entry index are intentionally not reproduced."
zawracać,core-A1-B1,false,1,b1-swearing-008,B1,0,1,,none,,,,,no-direct-listed-form-match,NFC + casefold + whitespace normalization; one OCR glyph repair; five explicitly printed alternative-headword groups expanded only as listed alternatives; reflexive and linked forms never collapsed.,"App-lemma grain only. Book-only headwords and the complete 1,001-entry index are intentionally not reproduced."
załatwiać,core-A1-B1,false,1,b1-getting-things-done-001,B1,0,1,załatwiać;załatwić,source-entry-string-after-conservative-normalization,907,,,,,NFC + casefold + whitespace normalization; one OCR glyph repair; five explicitly printed alternative-headword groups expanded only as listed alternatives; reflexive and linked forms never collapsed.,"App-lemma grain only. Book-only headwords and the complete 1,001-entry index are intentionally not reproduced."
zbierać,core-A1-B1,false,1,a2-ecology-003,A2,1,0,zbierać;zebrać,source-entry-string-after-conservative-normalization,945,,,,,NFC + casefold + whitespace normalization; one OCR glyph repair; five explicitly printed alternative-headword groups expanded only as listed alternatives; reflexive and linked forms never collapsed.,"App-lemma grain only. Book-only headwords and the complete 1,001-entry index are intentionally not reproduced."
zdradzić,core-A1-B1,false,1,b1-relationships-019,B1,1,0,zdradzać;zdradzić,none,,zdradzać,956,,repository-pair-semantics-unreviewed;no-direct-listed-form-match,NFC + casefold + whitespace normalization; one OCR glyph repair; five explicitly printed alternative-headword groups expanded only as listed alternatives; reflexive and linked forms never collapsed.,"App-lemma grain only. Book-only headwords and the complete 1,001-entry index are intentionally not reproduced."
zdrowieć,core-A1-B1,false,1,a2-health-body-028,A2,1,0,wyzdrowieć;zdrowieć,none,,,,,no-direct-listed-form-match,NFC + casefold + whitespace normalization; one OCR glyph repair; five explicitly printed alternative-headword groups expanded only as listed alternatives; reflexive and linked forms never collapsed.,"App-lemma grain only. Book-only headwords and the complete 1,001-entry index are intentionally not reproduced."
zgadzać się,core-A1-B1,true,1,b1-relationships-021,B1,1,0,zgadzać się;zgodzić się,source-entry-string-after-conservative-normalization,958,,,,,NFC + casefold + whitespace normalization; one OCR glyph repair; five explicitly printed alternative-headword groups expanded only as listed alternatives; reflexive and linked forms never collapsed.,"App-lemma grain only. Book-only headwords and the complete 1,001-entry index are intentionally not reproduced."
zgubić,core-A1-B1,false,1,b1-travel-problems-003,B1,1,0,gubić;zgubić,none,,gubić,135,,repository-pair-semantics-unreviewed;no-direct-listed-form-match,NFC + casefold + whitespace normalization; one OCR glyph repair; five explicitly printed alternative-headword groups expanded only as listed alternatives; reflexive and linked forms never collapsed.,"App-lemma grain only. Book-only headwords and the complete 1,001-entry index are intentionally not reproduced."
zgłosić,core-A1-B1,false,1,b1-travel-problems-008,B1,1,0,zgłaszać;zgłosić,none,,zgłaszać,959,,repository-pair-semantics-unreviewed;no-direct-listed-form-match,NFC + casefold + whitespace normalization; one OCR glyph repair; five explicitly printed alternative-headword groups expanded only as listed alternatives; reflexive and linked forms never collapsed.,"App-lemma grain only. Book-only headwords and the complete 1,001-entry index are intentionally not reproduced."
zjebać,core-A1-B1,false,1,b1-swearing-025,B1,1,0,,none,,,,,no-direct-listed-form-match,NFC + casefold + whitespace normalization; one OCR glyph repair; five explicitly printed alternative-headword groups expanded only as listed alternatives; reflexive and linked forms never collapsed.,"App-lemma grain only. Book-only headwords and the complete 1,001-entry index are intentionally not reproduced."
zmienić,core-A1-B1,false,1,b1-character-emotions-001,B1,0,1,zmieniać;zmienić,none,,zmieniać,966,,repository-pair-semantics-unreviewed;no-direct-listed-form-match,NFC + casefold + whitespace normalization; one OCR glyph repair; five explicitly printed alternative-headword groups expanded only as listed alternatives; reflexive and linked forms never collapsed.,"App-lemma grain only. Book-only headwords and the complete 1,001-entry index are intentionally not reproduced."
znać,core-A1-B1,false,1,a1-first-verbs-012,A1,1,0,poznać;znać,source-entry-string-after-conservative-normalization,972,,,,,NFC + casefold + whitespace normalization; one OCR glyph repair; five explicitly printed alternative-headword groups expanded only as listed alternatives; reflexive and linked forms never collapsed.,"App-lemma grain only. Book-only headwords and the complete 1,001-entry index are intentionally not reproduced."
zwolnić się,core-A1-B1,true,1,b1-career-009,B1,1,0,zwalniać się;zwolnić się,none,,,,,no-direct-listed-form-match,NFC + casefold + whitespace normalization; one OCR glyph repair; five explicitly printed alternative-headword groups expanded only as listed alternatives; reflexive and linked forms never collapsed.,"App-lemma grain only. Book-only headwords and the complete 1,001-entry index are intentionally not reproduced."
zwracać,core-A1-B1,false,1,a2-ecology-002,A2,1,0,zwracać;zwrócić,source-entry-string-after-conservative-normalization,990,,,,,NFC + casefold + whitespace normalization; one OCR glyph repair; five explicitly printed alternative-headword groups expanded only as listed alternatives; reflexive and linked forms never collapsed.,"App-lemma grain only. Book-only headwords and the complete 1,001-entry index are intentionally not reproduced."
złożyć,core-A1-B1,false,1,a2-official-matters-004,A2,0,1,składać;złożyć,none,,składać,641,,repository-pair-semantics-unreviewed;no-direct-listed-form-match,NFC + casefold + whitespace normalization; one OCR glyph repair; five explicitly printed alternative-headword groups expanded only as listed alternatives; reflexive and linked forms never collapsed.,"App-lemma grain only. Book-only headwords and the complete 1,001-entry index are intentionally not reproduced."
ćwiczyć,core-A1-B1,false,1,b1-healthy-lifestyle-007,B1,1,0,poćwiczyć;ćwiczyć,source-entry-string-after-conservative-normalization,55,,,,,NFC + casefold + whitespace normalization; one OCR glyph repair; five explicitly printed alternative-headword groups expanded only as listed alternatives; reflexive and linked forms never collapsed.,"App-lemma grain only. Book-only headwords and the complete 1,001-entry index are intentionally not reproduced."
łączyć,podcast-only,false,1,podcasts-meaning-of-life-005,Podcasts,0,1,,source-entry-string-after-conservative-normalization,202,,,,,NFC + casefold + whitespace normalization; one OCR glyph repair; five explicitly printed alternative-headword groups expanded only as listed alternatives; reflexive and linked forms never collapsed.,"App-lemma grain only. Book-only headwords and the complete 1,001-entry index are intentionally not reproduced."
ściągnąć,core-A1-B1,false,1,b1-media-technology-002,B1,1,0,ściągać;ściągnąć,none,,ściągać,686,,repository-pair-semantics-unreviewed;no-direct-listed-form-match,NFC + casefold + whitespace normalization; one OCR glyph repair; five explicitly printed alternative-headword groups expanded only as listed alternatives; reflexive and linked forms never collapsed.,"App-lemma grain only. Book-only headwords and the complete 1,001-entry index are intentionally not reproduced."
śpiewać,core-A1-B1,false,1,a1-free-time-008,A1,1,0,zaśpiewać;śpiewać,source-entry-string-after-conservative-normalization,691,,,,,NFC + casefold + whitespace normalization; one OCR glyph repair; five explicitly printed alternative-headword groups expanded only as listed alternatives; reflexive and linked forms never collapsed.,"App-lemma grain only. Book-only headwords and the complete 1,001-entry index are intentionally not reproduced."
świętować,core-A1-B1,false,1,a2-holidays-traditions-018,A2,1,0,świętować,none,,,,,no-direct-listed-form-match,NFC + casefold + whitespace normalization; one OCR glyph repair; five explicitly printed alternative-headword groups expanded only as listed alternatives; reflexive and linked forms never collapsed.,"App-lemma grain only. Book-only headwords and the complete 1,001-entry index are intentionally not reproduced."
żyć,podcast-only,false,1,podcasts-meaning-of-life-001,Podcasts,0,1,,source-entry-string-after-conservative-normalization,1001,,,,,NFC + casefold + whitespace normalization; one OCR glyph repair; five explicitly printed alternative-headword groups expanded only as listed alternatives; reflexive and linked forms never collapsed.,"App-lemma grain only. Book-only headwords and the complete 1,001-entry index are intentionally not reproduced."
