verification_order,provisional_rank,lemma,queue_priority,primary_risk_driver,representation_fit,motion_flag,aspect_pair_flag,phase3_verification_question,replacement_profile
1,18,pracować,critical,locked-model representation boundary,model-fit concern,no,no,"Is there an independently useful governed nad + Instrumental or other architecture-compatible frame, once jako + Nominative and ordinary work-location adjuncts are excluded?",verified architecture-compatible non-motion reserve with matched practical value
2,5,iść,high,motion complement versus free adjunct,probably compatible - verify,yes,no,"Which proposed expressions, if any, are governed for the selected meaning rather than free destination, route, time, or purpose adjuncts?",verified non-motion Tier A reserve first; in-family motion swap only within the 12-lemma cap
3,6,chodzić,high,motion complement versus free adjunct,probably compatible - verify,yes,no,Does an architecture-compatible governed construction independently justify the slot after ordinary do/na destination and frequency adjuncts are removed?,verified non-motion Tier A reserve first; in-family motion swap only within the 12-lemma cap
4,7,jechać,high,motion complement versus free adjunct,probably compatible - verify,yes,no,"Is any proposed slot governed, especially the Instrumental vehicle phrase, or is the value primarily lexical motion teaching?",verified non-motion Tier A reserve first; in-family motion swap only within the 12-lemma cap
5,8,jeździć,high,motion complement versus free adjunct,probably compatible - verify,yes,no,"Is any proposed case/preposition expression selected rather than a destination, route, frequency, or vehicle adjunct?",verified non-motion Tier A reserve first; in-family motion swap only within the 12-lemma cap
6,9,dojść,high,motion complement versus free adjunct,probably compatible - verify,yes,no,"Does contemporary evidence support the abstract result/conclusion do + Genitive frame, separately from literal destination motion?",verified non-motion Tier A reserve first; in-family motion swap only within the 12-lemma cap
7,10,dojechać,high,motion complement versus free adjunct,probably compatible - verify,yes,no,"Is the endpoint expression governed/selective, and is Instrumental vehicle only a free adjunct?",verified non-motion Tier A reserve first; in-family motion swap only within the 12-lemma cap
8,45,wracać,high,motion complement versus free adjunct,probably compatible - verify,yes,yes,Does either proposed do/z + Genitive expression qualify as governed for the scoped return meaning rather than goal/source adjunct?,verified non-motion Tier A reserve first; in-family motion swap only within the 12-lemma cap
9,46,wrócić,high,motion complement versus free adjunct,probably compatible - verify,yes,yes,Does this perfective independently justify a slot and support any governed complement not inherited from wracać?,verified non-motion Tier A reserve first; in-family motion swap only within the 12-lemma cap
10,47,przyjść,high,motion complement versus free adjunct,probably compatible - verify,yes,no,Which proposed event/person expressions are governed rather than ordinary arrival destination/time adjuncts?,verified non-motion Tier A reserve first; in-family motion swap only within the 12-lemma cap
11,48,przyjechać,high,motion complement versus free adjunct,probably compatible - verify,yes,no,"Is there an independently useful governed frame after destination, source, route, time, and vehicle adjuncts are removed?",verified non-motion Tier A reserve first; in-family motion swap only within the 12-lemma cap
12,49,wyjść,high,motion complement versus free adjunct,probably compatible - verify,yes,no,Are z + Genitive and any na + Accusative use selected in the exact scoped exit/event senses rather than free adjuncts?,verified non-motion Tier A reserve first; in-family motion swap only within the 12-lemma cap
13,50,wyjechać,high,motion complement versus free adjunct,probably compatible - verify,yes,no,Is there a governed source/goal construction that independently justifies the slot after ordinary motion adjuncts are removed?,verified non-motion Tier A reserve first; in-family motion swap only within the 12-lemma cap
14,28,przynosić,high,weak direct repository evidence / construction-dependent inclusion,probably compatible - verify,no,no,"Does contemporary evidence support the proposed Dative recipient + Accusative thing frame for the imperfective przynosić itself, independent of evidence for przynieść?","verified reserve matching CEFR corridor, practical domain, and supported coverage need"
15,34,odpowiadać,high,weak direct repository evidence / construction-dependent inclusion,probably compatible - verify,no,no,"Does contemporary evidence support Dative person and na + Accusative question for the exact scoped meanings, and can an exact repository frame be located?","verified reserve matching CEFR corridor, practical domain, and supported coverage need"
16,39,zamawiać,high,weak direct repository evidence / construction-dependent inclusion,probably compatible - verify,no,no,"Does contemporary evidence support Accusative item; u + Genitive provider as governed, architecture-compatible learner construction(s) for the scoped meaning(s), rather than free adjuncts or conflated senses?","verified reserve matching CEFR corridor, practical domain, and supported coverage need"
17,41,zaczynać,high,weak direct repository evidence / construction-dependent inclusion,probably compatible - verify,no,yes,"Does contemporary evidence support Accusative activity; + infinitive for zaczynać, and does zaczynać independently justify a slot apart from zacząć without pattern inheritance?","collapse to one family slot first, then use a verified diversity reserve"
18,42,zacząć,high,weak direct repository evidence / construction-dependent inclusion,probably compatible - verify,no,yes,"Does contemporary evidence support Accusative activity; + infinitive for zacząć, and does zacząć independently justify a slot apart from zaczynać without pattern inheritance?","collapse to one family slot first, then use a verified diversity reserve"
19,43,kończyć,high,weak direct repository evidence / construction-dependent inclusion,probably compatible - verify,no,yes,"Does contemporary evidence support Accusative task; + infinitive only if corroborated for kończyć, and does kończyć independently justify a slot apart from skończyć without pattern inheritance?","collapse to one family slot first, then use a verified diversity reserve"
20,54,pamiętać,high,weak direct repository evidence / construction-dependent inclusion,probably compatible - verify,no,no,"Which of o + Locative, direct Accusative, and żeby-clause belong to distinct supported meanings and fit deterministic teaching?","verified reserve matching CEFR corridor, practical domain, and supported coverage need"
21,55,zapominać,high,weak direct repository evidence / construction-dependent inclusion,probably compatible - verify,no,no,"Does contemporary evidence support the proposed o + Locative, Genitive object, and żeby-clause scopes despite weak direct repository evidence?","verified reserve matching CEFR corridor, practical domain, and supported coverage need"
22,56,próbować,high,weak direct repository evidence / construction-dependent inclusion,probably compatible - verify,no,no,"Does contemporary evidence support + infinitive; Genitive sampled object as separate meaning as governed, architecture-compatible learner construction(s) for the scoped meaning(s), rather than free adjuncts or conflated senses?","verified reserve matching CEFR corridor, practical domain, and supported coverage need"
23,60,pozwalać,high,weak direct repository evidence / construction-dependent inclusion,probably compatible - verify,no,no,Does contemporary evidence support Dative person + infinitive and/or na + Accusative in a practical B1 scope despite low direct repository evidence?,verified B1 reserve if learner value and evidence are at least as strong
24,63,unikać,high,weak direct repository evidence / construction-dependent inclusion,probably compatible - verify,no,no,Does contemporary evidence support direct Genitive and/or infinitive government with enough practical B1 value to justify the slot?,verified B1 reserve if learner value and evidence are at least as strong
25,64,wymagać,high,weak direct repository evidence / construction-dependent inclusion,probably compatible - verify,no,no,"Does contemporary evidence support Genitive object; od + Genitive person as governed, architecture-compatible learner construction(s) for the scoped meaning(s), rather than free adjuncts or conflated senses?",verified B1 reserve if learner value and evidence are at least as strong
26,65,należeć,high,weak direct repository evidence / construction-dependent inclusion,probably compatible - verify,no,no,Does contemporary evidence support a practical do + Genitive membership/ownership frame with enough repository and learner value?,"verified reserve matching CEFR corridor, practical domain, and supported coverage need"
27,69,kłócić się,high,promoted correction / construction-dependent inclusion,compatible,no,no,Does contemporary evidence support z + Instrumental person and o + Accusative topic with the proposed optionality and meaning boundaries?,verified B1 reserve if learner value and evidence are at least as strong
28,70,pokazywać,high,weak direct repository evidence / construction-dependent inclusion,probably compatible - verify,no,no,"Does contemporary evidence support the proposed Dative recipient + Accusative thing frame for imperfective pokazywać itself, independent of the stronger repository example for pokazać?","verified reserve matching CEFR corridor, practical domain, and supported coverage need"
29,29,radzić sobie,high,lexical identity and non-duplicative value alongside radzić,compatible,no,no,"Does contemporary evidence support radzić sobie + z + Instrumental as a governed architecture-compatible coping construction, and does the lexical phrase independently justify a slot alongside advice-sense radzić?","if independent value fails, return it to reserve and choose a verified non-motion diversity candidate"
30,15,kupować,medium,double-slotted aspect partner / independent-value test,probably compatible - verify,no,yes,"Does contemporary evidence support Accusative goods; dla + Genitive beneficiary for kupować, and does kupować independently justify a slot apart from kupić without pattern inheritance?","collapse to one family slot first, then use a verified diversity reserve"
31,16,kupić,medium,double-slotted aspect partner / independent-value test,probably compatible - verify,no,yes,"Does contemporary evidence support Accusative goods; Dative recipient in give/buy-for contexts only if supported for kupić, and does kupić independently justify a slot apart from kupować without pattern inheritance?","collapse to one family slot first, then use a verified diversity reserve"
32,20,dawać,medium,double-slotted aspect partner / independent-value test,compatible,no,yes,"Does contemporary evidence support Dative recipient + Accusative thing for dawać, and does dawać independently justify a slot apart from dać without pattern inheritance?","collapse to one family slot first, then use a verified diversity reserve"
33,21,dać,medium,double-slotted aspect partner / independent-value test,compatible,no,yes,"Does contemporary evidence support Dative recipient + Accusative thing for dać, and does dać independently justify a slot apart from dawać without pattern inheritance?","collapse to one family slot first, then use a verified diversity reserve"
34,22,brać,medium,double-slotted aspect partner / independent-value test,compatible,no,yes,"Does contemporary evidence support Accusative object; brać udział w + Locative as separate meaning for brać, and does brać independently justify a slot apart from wziąć without pattern inheritance?","collapse to one family slot first, then use a verified diversity reserve"
35,23,wziąć,medium,double-slotted aspect partner / independent-value test,compatible,no,yes,"Does contemporary evidence support Accusative object; wziąć udział w + Locative for wziąć, and does wziąć independently justify a slot apart from brać without pattern inheritance?","collapse to one family slot first, then use a verified diversity reserve"
36,24,czytać,medium,double-slotted aspect partner / independent-value test,compatible,no,yes,"Does contemporary evidence support Accusative text for czytać, and does czytać independently justify a slot apart from przeczytać without pattern inheritance?","collapse to one family slot first, then use a verified diversity reserve"
37,25,przeczytać,medium,double-slotted aspect partner / independent-value test,compatible,no,yes,"Does contemporary evidence support Accusative text for przeczytać, and does przeczytać independently justify a slot apart from czytać without pattern inheritance?","collapse to one family slot first, then use a verified diversity reserve"
38,26,pisać,medium,double-slotted aspect partner / independent-value test,compatible,no,yes,"Does contemporary evidence support Accusative text; do + Genitive addressee for pisać, and does pisać independently justify a slot apart from napisać without pattern inheritance?","collapse to one family slot first, then use a verified diversity reserve"
39,27,napisać,medium,double-slotted aspect partner / independent-value test,compatible,no,yes,"Does contemporary evidence support Accusative text; do + Genitive addressee for napisać, and does napisać independently justify a slot apart from pisać without pattern inheritance?","collapse to one family slot first, then use a verified diversity reserve"
40,30,spotykać się,medium,double-slotted aspect partner / independent-value test,compatible,no,yes,"Does contemporary evidence support z + Instrumental person for spotykać się, and does spotykać się independently justify a slot apart from spotkać się without pattern inheritance?","collapse to one family slot first, then use a verified diversity reserve"
41,31,spotkać się,medium,double-slotted aspect partner / independent-value test,compatible,no,yes,"Does contemporary evidence support z + Instrumental person for spotkać się, and does spotkać się independently justify a slot apart from spotykać się without pattern inheritance?","collapse to one family slot first, then use a verified diversity reserve"
42,36,oglądać,medium,double-slotted aspect partner / independent-value test,compatible,no,yes,"Does contemporary evidence support Accusative content for oglądać, and does oglądać independently justify a slot apart from obejrzeć without pattern inheritance?","collapse to one family slot first, then use a verified diversity reserve"
43,37,obejrzeć,medium,double-slotted aspect partner / independent-value test,compatible,no,yes,"Does contemporary evidence support Accusative content for obejrzeć, and does obejrzeć independently justify a slot apart from oglądać without pattern inheritance?","collapse to one family slot first, then use a verified diversity reserve"
44,44,skończyć,medium,double-slotted aspect partner / independent-value test,probably compatible - verify,no,yes,"Does contemporary evidence support Accusative task; z + Instrumental only in supported sense for skończyć, and does skończyć independently justify a slot apart from kończyć without pattern inheritance?","collapse to one family slot first, then use a verified diversity reserve"
45,1,chcieć,medium,meaning-sensitive scope or competing frames,compatible,no,no,"Does contemporary evidence support + infinitive; żeby-clause as governed, architecture-compatible learner construction(s) for the scoped meaning(s), rather than free adjuncts or conflated senses?","verified reserve matching CEFR corridor, practical domain, and supported coverage need"
46,4,robić,medium,meaning-sensitive scope or competing frames,compatible,no,no,"Does contemporary evidence support Accusative object; robić + activity as governed, architecture-compatible learner construction(s) for the scoped meaning(s), rather than free adjuncts or conflated senses?","verified reserve matching CEFR corridor, practical domain, and supported coverage need"
47,11,rozumieć,medium,meaning-sensitive scope or competing frames,compatible,no,no,"Does contemporary evidence support Accusative content/person; clause as governed, architecture-compatible learner construction(s) for the scoped meaning(s), rather than free adjuncts or conflated senses?","verified reserve matching CEFR corridor, practical domain, and supported coverage need"
48,17,mieszkać,medium,meaning-sensitive scope or competing frames,probably compatible - verify,no,no,"Does contemporary evidence support w + Locative; z + Instrumental co-resident as governed, architecture-compatible learner construction(s) for the scoped meaning(s), rather than free adjuncts or conflated senses?","verified reserve matching CEFR corridor, practical domain, and supported coverage need"
49,32,umówić się,medium,meaning-sensitive scope or competing frames,probably compatible - verify,no,no,"Which combinations of z + Instrumental, na + Accusative, and do + Genitive are governed for each appointment/agreement meaning, and which are adjuncts?",verified lexical-się or matched-domain reserve without identity inheritance
50,33,dzwonić,medium,meaning-sensitive scope or competing frames,compatible,no,no,"Does contemporary evidence support do + Genitive person; w sprawie + Genitive as governed, architecture-compatible learner construction(s) for the scoped meaning(s), rather than free adjuncts or conflated senses?","verified reserve matching CEFR corridor, practical domain, and supported coverage need"
51,35,powiedzieć,medium,meaning-sensitive scope or competing frames,probably compatible - verify,no,no,"Which recipient, object, że-clause, and żeby-clause combinations are governed in distinct scoped meanings rather than collapsed polysemy?","verified reserve matching CEFR corridor, practical domain, and supported coverage need"
52,38,gotować,medium,meaning-sensitive scope or competing frames,probably compatible - verify,no,no,"Does contemporary evidence support Accusative food; Dative beneficiary only if supported as governed, architecture-compatible learner construction(s) for the scoped meaning(s), rather than free adjuncts or conflated senses?","verified reserve matching CEFR corridor, practical domain, and supported coverage need"
53,40,rezerwować,medium,meaning-sensitive scope or competing frames,probably compatible - verify,no,no,"Does contemporary evidence support Accusative booking; dla + Genitive person as governed, architecture-compatible learner construction(s) for the scoped meaning(s), rather than free adjuncts or conflated senses?","verified reserve matching CEFR corridor, practical domain, and supported coverage need"
54,51,cieszyć się,medium,meaning-sensitive scope or competing frames,compatible,no,no,"Does contemporary evidence support z + Genitive cause; że clause as governed, architecture-compatible learner construction(s) for the scoped meaning(s), rather than free adjuncts or conflated senses?",verified lexical-się or matched-domain reserve without identity inheritance
55,52,martwić się,medium,meaning-sensitive scope or competing frames,compatible,no,no,Does the proposed o + Accusative / clause scope remain distinct enough from released bać się to justify a separate lemma?,verified lexical-się or matched-domain reserve without identity inheritance
56,53,zgadzać się,medium,meaning-sensitive scope or competing frames,compatible,no,no,"Does contemporary evidence support z + Instrumental person/view; na + Accusative proposal as governed, architecture-compatible learner construction(s) for the scoped meaning(s), rather than free adjuncts or conflated senses?",verified lexical-się or matched-domain reserve without identity inheritance
57,58,zapraszać,medium,meaning-sensitive scope or competing frames,compatible,no,no,"Does contemporary evidence support Accusative person; na + Accusative event; do + Genitive place as governed, architecture-compatible learner construction(s) for the scoped meaning(s), rather than free adjuncts or conflated senses?","verified reserve matching CEFR corridor, practical domain, and supported coverage need"
58,59,polecać,medium,meaning-sensitive scope or competing frames,compatible,no,no,"Does contemporary evidence support Dative recipient + Accusative item; + infinitive as governed, architecture-compatible learner construction(s) for the scoped meaning(s), rather than free adjuncts or conflated senses?","verified reserve matching CEFR corridor, practical domain, and supported coverage need"
59,61,radzić,medium,meaning-sensitive scope or competing frames,probably compatible - verify,no,no,"Does contemporary evidence support Dative person + infinitive; Dative + clause as governed, architecture-compatible learner construction(s) for the scoped meaning(s), rather than free adjuncts or conflated senses?",verified B1 reserve if learner value and evidence are at least as strong
60,68,pasować,medium,meaning-sensitive scope or competing frames,probably compatible - verify,no,no,"Do fit/suit and match meanings support the proposed Dative experiencer and do + Genitive relations, including the correct relation type?","verified reserve matching CEFR corridor, practical domain, and supported coverage need"
61,2,móc,low,routine sense-specific frame confirmation,compatible,no,no,"Does contemporary evidence support + infinitive; permission question as governed, architecture-compatible learner construction(s) for the scoped meaning(s), rather than free adjuncts or conflated senses?","verified reserve matching CEFR corridor, practical domain, and supported coverage need"
62,3,musieć,low,routine sense-specific frame confirmation,compatible,no,no,"Does contemporary evidence support + infinitive as governed, architecture-compatible learner construction(s) for the scoped meaning(s), rather than free adjuncts or conflated senses?","verified reserve matching CEFR corridor, practical domain, and supported coverage need"
63,12,wiedzieć,low,routine sense-specific frame confirmation,compatible,no,no,"Does contemporary evidence support że/czy/interrogative clause as governed, architecture-compatible learner construction(s) for the scoped meaning(s), rather than free adjuncts or conflated senses?","verified reserve matching CEFR corridor, practical domain, and supported coverage need"
64,13,jeść,low,routine sense-specific frame confirmation,compatible,no,no,"Does contemporary evidence support Accusative object; Genitive under negation is grammar-owned as governed, architecture-compatible learner construction(s) for the scoped meaning(s), rather than free adjuncts or conflated senses?","verified reserve matching CEFR corridor, practical domain, and supported coverage need"
65,14,pić,low,routine sense-specific frame confirmation,compatible,no,no,"Does contemporary evidence support Accusative object as governed, architecture-compatible learner construction(s) for the scoped meaning(s), rather than free adjuncts or conflated senses?","verified reserve matching CEFR corridor, practical domain, and supported coverage need"
66,19,kochać,low,routine sense-specific frame confirmation,compatible,no,no,"Does contemporary evidence support Accusative person/thing as governed, architecture-compatible learner construction(s) for the scoped meaning(s), rather than free adjuncts or conflated senses?","verified reserve matching CEFR corridor, practical domain, and supported coverage need"
67,57,przepraszać,low,routine sense-specific frame confirmation,compatible,no,no,"Does contemporary evidence support Accusative person; za + Accusative reason as governed, architecture-compatible learner construction(s) for the scoped meaning(s), rather than free adjuncts or conflated senses?","verified reserve matching CEFR corridor, practical domain, and supported coverage need"
68,62,życzyć,low,routine sense-specific frame confirmation,probably compatible - verify,no,no,"Does contemporary evidence support Dative recipient + Genitive wished thing as governed, architecture-compatible learner construction(s) for the scoped meaning(s), rather than free adjuncts or conflated senses?","verified reserve matching CEFR corridor, practical domain, and supported coverage need"
69,66,korzystać,low,routine sense-specific frame confirmation,compatible,no,no,"Does contemporary evidence support z + Genitive resource as governed, architecture-compatible learner construction(s) for the scoped meaning(s), rather than free adjuncts or conflated senses?","verified reserve matching CEFR corridor, practical domain, and supported coverage need"
70,67,uczyć,low,routine sense-specific frame confirmation,probably compatible - verify,no,no,"Does contemporary evidence support Accusative person + Genitive subject; + infinitive as governed, architecture-compatible learner construction(s) for the scoped meaning(s), rather than free adjuncts or conflated senses?","verified reserve matching CEFR corridor, practical domain, and supported coverage need"
