"event_id","event_name","product_verdict","priority","product_decision_value","payload","application_identifier_or_intentional_joining_required","network_metadata","cookie_or_storage_required","privacy_implications","legal_status","decision_supported","rationale","implementation_note"
"E-1","Topic opened","Defer","","moderate","topic id; timestamp","no application-assigned persistent identifier and no intentional event-level or cross-visit joining. NOTE: this is not a claim of unlinkability - server or provider logs may still permit correlation between requests","yes - inherent to any request: IP address, user agent, timing, path","no","low in isolation; a 97-value dimension is more granular than the decision needs","Requires legal review","Which topics attract attention; whether A1 dominates","Useful for content prioritisation, but 97 topics produce a wide low-signal distribution at unknown traffic volume","Revisit after E-2 and E-3 establish that volume is sufficient for topic-level data to be meaningful"
"E-2","Activity started","Approve","2","high","activity type (flashcard|grammar|typeit|listen|round|convo); timestamp","no application-assigned persistent identifier and no intentional event-level or cross-visit joining. NOTE: this is not a claim of unlinkability - server or provider logs may still permit correlation between requests","yes - inherent to any request: IP address, user agent, timing, path","no","low - a six-value enumeration with no learner content","Requires legal review","Directly tests activation finding A-2: are Type it, Listening, conversations and mixed quizzes ever discovered","High decision value with a minimal payload","Carry an activity-type dimension so E-6 does not need a separate event"
"E-3","Activity completed","Approve","1","highest","activity type; completion flag; timestamp. No score, no card ids, no answers","no application-assigned persistent identifier and no intentional event-level or cross-visit joining. NOTE: this is not a claim of unlinkability - server or provider logs may still permit correlation between requests","yes - inherent to any request: IP address, user agent, timing, path","no","low","Requires legal review","The primary success metric: meaningful learning sessions completed","Paired with E-2 yields a start-to-completion ratio per activity, the single most useful number for Priority 6","A per-activity ratio is computable from two aggregate counters and does not require linking a start to its completion. Completion states already exist in code (index.html:4540-4541)"
"E-4","Pronunciation audio played","Defer","","low as a raw count; moderate to high as a fallback-rate signal","play event; optionally whether MP3 or speech fallback was used","no application-assigned persistent identifier and no intentional event-level or cross-visit joining. NOTE: this is not a claim of unlinkability - server or provider logs may still permit correlation between requests","yes - inherent, and at high frequency","no","volume is the concern rather than payload sensitivity","Requires legal review","Whether audio is used; how often the TTS fallback fires","Raw play count has weak decision value; the fallback-rate variant would reveal manifest or caching problems in the field","Revisit as a fallback-rate-only counter after E-2 and E-3 are established"
"E-5","Question completed","Reject","","low - E-3 already answers the actionable question","per-question event - the highest-frequency signal in the app","no application-assigned persistent identifier and no intentional event-level or cross-visit joining. NOTE: this is not a claim of unlinkability - server or provider logs may still permit correlation between requests","yes - inherent, at the highest volume of any candidate","no","CORRECTED: high-frequency aggregate events do not by themselves create a behavioural profile without an identifier or linkage mechanism. Unlinked aggregate counters remain unlinked however often they fire. No profiling claim is made","Requires legal review","Nothing E-3 does not already answer","Rejected for low decision value, event volume, proportionality and unnecessary granularity - not for profiling. Collecting the highest-frequency signal to answer a question already answered by a far cheaper event fails proportionality on its own terms","No profiling argument is needed or claimed"
"E-6","Conversation opened","Approve","4","high","flag that the conversation activity was entered","no application-assigned persistent identifier and no intentional event-level or cross-visit joining. NOTE: this is not a claim of unlinkability - server or provider logs may still permit correlation between requests","yes - inherent to any request: IP address, user agent, timing, path","no","low","Requires legal review","Whether conversations, a key differentiator invisible from the home screen, are ever found","Tests a specific actionable hypothesis from activation finding A-2","Subset of E-2; recommended to fold into the E-2 activity-type dimension rather than ship separately"
"E-7","Explore more Polish opened","Approve","5","moderate","in-app navigation to /guide/","no application-assigned persistent identifier and no intentional event-level or cross-visit joining. NOTE: this is not a claim of unlinkability - server or provider logs may still permit correlation between requests","yes - inherent to any request: IP address, user agent, timing, path","no","low","Requires legal review","Whether the renamed destination is used and whether the rename helped","Relevant to the Explore more Polish audit","Only needed for in-app navigation. Inbound Google Search traffic to /guide/ is reported by Search Console with no code; Search Console does not report non-Google referrals"
"E-8","Installation action","Approve","3","moderate","install prompt shown | accepted | dismissed","no application-assigned persistent identifier and no intentional event-level or cross-visit joining. NOTE: this is not a claim of unlinkability - server or provider logs may still permit correlation between requests","yes - inherent to any request; low volume","no new storage - the app already keeps this state locally in popolsku-a2hs","low","Requires legal review","Whether the 5-reveal threshold and 10-day cooldown are well tuned","Low volume, clearly explainable, tests an existing tuned heuristic","App already keeps this state locally (index.html:5279-5285)"
"E-9","Return visit","Reject","","low to moderate - no currently planned decision depends on it","flag that this browser has been seen before","no - CORRECTED: local state already on the device can trigger an aggregate return event without transmitting an application identifier. It is NOT accurate to go further and guarantee the request cannot be correlated with another request: the endpoint and its provider still receive IP address, user agent, timing and path, and logs may permit correlation","yes - inherent to any request: IP address, user agent, timing, path","no new storage - would read state the app already keeps","the mechanism can avoid an application-assigned identifier, but the concept is retention measurement, which sits closest to the no-learner-profile commitment (C-019) and is the event most likely to attract future pressure toward deliberate joining such as cohorts, first-seen dates or frequency buckets, converting 'no intentional joining' into intentional joining","Requires legal review","Retention","Rejected for limited decision value, tension with the intended privacy posture, and risk of future linkage creep - NOT because a persistent transmitted identifier is technically required","The same local state could inform in-app behaviour such as activation recommendation R-3 with nothing transmitted at all; that is a product feature, not analytics"
