reviewId,lemmaId,lemma,meaningId,patternId,relationType,teachingStatus,cefrRecognition,cefrProduction,exampleId,exampleOrigin,d1Verdict,severity,editorialAcceptanceRecommended,meaningFit,patternCorrectness,complementCorrectness,learnerExplanationAssessment,errorNotesAssessment,exampleAssessment,englishAssessment,cefrAssessment,statusAssessment,siblingPatternAssessment,provenanceAssessment,findingId,findingSummary,requiredCanonicalChange,nonblockingNote
P7-NR-001,vp-l-szukac-0daf5e6b5693,szukać,vp-m-szukac-seek-35b07b1cceb1,vp-p-szukac-seek-genitive-target-71dc6eff512c,lexical-frame,active-production,A1,A1,vp-e-szukac-seek-genitive-target-looking-for-cafe-efdccf7a5ba6,repository-reuse:card:a1-first-verbs-020.ex,ACCEPT WITH NOTE,LOW,YES,COHERENT - authored meaning matches the cited sense and the pattern sits inside it,CORRECT - relation type and construction match the authored meaning,CORRECT - governed case/preposition and required/optional flags match the evidence,ACCURATE - names the exact case/preposition and the participants concisely,CORRECT - predicted error is a real learner mistake and the guidance matches the pattern,CORRECT - realises the taught construction transparently in natural Polish,ACCURATE AND NATURAL,PLAUSIBLE - recognition/production bands fit the construction,"COHERENT - teachingStatus, CEFR and empty activityEligibility agree",SINGLE-PATTERN LEMMA - no sibling constraint,CLEAN - resolves exactly to card a1-first-verbs-020 field ex; locator sense cue noted,P7-D1-001,"WSJP locator carries the sense cue 'zaginionego' (a lost thing), which is narrower than the authored meaning scope and than the canonical cafe example.",,"WSJP locator carries the sense cue 'zaginionego' (a lost thing), which is narrower than the authored meaning scope and than the canonical cafe example. Nonblocking because: Genitive government is invariant across the entry's candidate senses, so nothing linguistic turns on which numbered sense was opened; the cue identifies the locator, it does not describe the taught scope."
P7-NR-002,vp-l-pomagac-54633912de9a,pomagać,vp-m-pomagac-assist-a4c05bbfc25c,vp-p-pomagac-assist-dative-recipient-9f0a375c5e81,lexical-frame,active-production,A1,A1,,,ACCEPT,NONE,YES,COHERENT - authored meaning matches the cited sense and the pattern sits inside it,CORRECT - relation type and construction match the authored meaning,CORRECT - governed case/preposition and required/optional flags match the evidence,ACCURATE - names the exact case/preposition and the participants concisely,CORRECT - predicted error is a real learner mistake and the guidance matches the pattern,ABSENT - outside the locked 13-row example scope,NOT APPLICABLE - no canonical example,PLAUSIBLE - recognition/production bands fit the construction,"COHERENT - teachingStatus, CEFR and empty activityEligibility agree","COHERENT - distinguishable from siblings, explanations do not contradict",NOT APPLICABLE - no canonical example,,,,
P7-NR-003,vp-l-pomagac-54633912de9a,pomagać,vp-m-pomagac-assist-a4c05bbfc25c,vp-p-pomagac-assist-dative-recipient-w-locative-area-1e507dcdb869,lexical-frame,active-production,A2,A2,,,ACCEPT,NONE,YES,COHERENT - authored meaning matches the cited sense and the pattern sits inside it,CORRECT - relation type and construction match the authored meaning,CORRECT - governed case/preposition and required/optional flags match the evidence,ACCURATE - names the exact case/preposition and the participants concisely,NONE PRESENT,ABSENT - outside the locked 13-row example scope,NOT APPLICABLE - no canonical example,PLAUSIBLE - recognition/production bands fit the construction,"COHERENT - teachingStatus, CEFR and empty activityEligibility agree","COHERENT - distinguishable from siblings, explanations do not contradict",NOT APPLICABLE - no canonical example,,,,
P7-NR-004,vp-l-sluchac-301b09233922,słuchać,vp-m-sluchac-listen-to-d981b432efa8,vp-p-sluchac-listen-to-genitive-target-a274f84c8d93,lexical-frame,active-production,A1,A1,vp-e-sluchac-listen-to-genitive-target-music-on-the-way-ecf258289d6e,repository-reuse:card:a1-free-time-005.ex,ACCEPT,NONE,YES,COHERENT - authored meaning matches the cited sense and the pattern sits inside it,CORRECT - relation type and construction match the authored meaning,CORRECT - governed case/preposition and required/optional flags match the evidence,ACCURATE - names the exact case/preposition and the participants concisely,CORRECT - predicted error is a real learner mistake and the guidance matches the pattern,CORRECT - realises the taught construction transparently in natural Polish,ACCURATE AND NATURAL,PLAUSIBLE - recognition/production bands fit the construction,"COHERENT - teachingStatus, CEFR and empty activityEligibility agree","COHERENT - distinguishable from siblings, explanations do not contradict","CLEAN - origin truthful, nonhuman attribution only",,,,
P7-NR-005,vp-l-sluchac-301b09233922,słuchać,vp-m-sluchac-obey-eb23d8503e9a,vp-p-sluchac-obey-genitive-object-674adae2dec3,lexical-frame,recognition-only,B1,,,,ACCEPT WITH NOTE,LOW,YES,COHERENT - authored meaning matches the cited sense and the pattern sits inside it,CORRECT - relation type and construction match the authored meaning,CORRECT - governed case/preposition and required/optional flags match the evidence,ACCURATE - names the exact case/preposition and the participants concisely,NONE PRESENT,ABSENT - outside the locked 13-row example scope; B3B directive outstanding,NOT APPLICABLE - no canonical example,PLAUSIBLE - recognition/production bands fit the construction,"COHERENT - teachingStatus, CEFR and empty activityEligibility agree","COHERENT - distinguishable from siblings, explanations do not contradict",NOT APPLICABLE - no canonical example,P7-D1-002,No canonical example yet. The Phase 4F-B3B directive that this row's example be affirmative and case-transparent is still outstanding.,,"No canonical example yet. The Phase 4F-B3B directive that this row's example be affirmative and case-transparent is still outstanding. Nonblocking because: The corrected learnerExplanationEn already satisfies the directive ('dziecko slucha mamy' is affirmative, and Genitive mamy is distinct from Accusative mame), so the taught model is complete without the example; the example corpus was deliberately scoped to 13 rows by Phase 4F-C1C."
P7-NR-006,vp-l-czekac-c6c3d0da2caa,czekać,vp-m-czekac-wait-for-bfb4d11f9655,vp-p-czekac-wait-for-na-accusative-target-3c9ac823ecde,lexical-frame,active-production,A1,A1,vp-e-czekac-wait-for-na-accusative-target-waiting-for-bus-c7204269b040,repository-reuse:card:a1-first-verbs-021.ex,ACCEPT,NONE,YES,COHERENT - authored meaning matches the cited sense and the pattern sits inside it,CORRECT - relation type and construction match the authored meaning,CORRECT - governed case/preposition and required/optional flags match the evidence,ACCURATE - names the exact case/preposition and the participants concisely,CORRECT - predicted error is a real learner mistake and the guidance matches the pattern,CORRECT - realises the taught construction transparently in natural Polish,ACCURATE AND NATURAL,PLAUSIBLE - recognition/production bands fit the construction,"COHERENT - teachingStatus, CEFR and empty activityEligibility agree",SINGLE-PATTERN LEMMA - no sibling constraint,"CLEAN - origin truthful, nonhuman attribution only",,,,
P7-NR-007,vp-l-potrzebowac-8b78ee8b092d,potrzebować,vp-m-potrzebowac-need-1112b46d1be1,vp-p-potrzebowac-need-genitive-object-437fafad17d2,lexical-frame,active-production,A1,A2,vp-e-potrzebowac-need-genitive-object-certificate-from-work-9bb3306bf0ee,repository-reuse:card:a2-official-matters-019.ex,ACCEPT,NONE,YES,COHERENT - authored meaning matches the cited sense and the pattern sits inside it,CORRECT - relation type and construction match the authored meaning,CORRECT - governed case/preposition and required/optional flags match the evidence,ACCURATE - names the exact case/preposition and the participants concisely,CORRECT AND COUPLED - zaswiadczenie/zaswiadczenia matches the retained example exactly,CORRECT - realises the taught construction transparently in natural Polish,ACCURATE AND NATURAL,PLAUSIBLE - recognition/production bands fit the construction,"COHERENT - teachingStatus, CEFR and empty activityEligibility agree",SINGLE-PATTERN LEMMA - no sibling constraint,"CLEAN - origin truthful, nonhuman attribution only",,,,
P7-NR-008,vp-l-uczyc-sie-a01d00cb7f2f,uczyć się,vp-m-uczyc-sie-study-bd96ff26cc60,vp-p-uczyc-sie-study-genitive-subject-matter-44c5fdb95dd7,lexical-frame,active-production,A1,A2,vp-e-uczyc-sie-study-genitive-subject-matter-polish-for-a-year-180cd560a0ec,repository-reuse:card:a1-about-me-004.ex,ACCEPT,NONE,YES,COHERENT - authored meaning matches the cited sense and the pattern sits inside it,CORRECT - relation type and construction match the authored meaning,CORRECT - governed case/preposition and required/optional flags match the evidence,ACCURATE - names the exact case/preposition and the participants concisely,CORRECT - predicted error is a real learner mistake and the guidance matches the pattern,CORRECT - realises the taught construction transparently in natural Polish,ACCURATE AND NATURAL,PLAUSIBLE - recognition/production bands fit the construction,"COHERENT - teachingStatus, CEFR and empty activityEligibility agree","COHERENT - distinguishable from siblings, explanations do not contradict","CLEAN - origin truthful, nonhuman attribution only",,,,
P7-NR-009,vp-l-uczyc-sie-a01d00cb7f2f,uczyć się,vp-m-uczyc-sie-study-bd96ff26cc60,vp-p-uczyc-sie-study-infinitive-skill-ab708776387e,lexical-frame,active-production,A2,B1,vp-e-uczyc-sie-study-infinitive-skill-learning-guitar-fc75e418733b,repository-reuse:card:a1-free-time-007.ex,ACCEPT WITH NOTE,LOW,YES,COHERENT - authored meaning matches the cited sense and the pattern sits inside it,CORRECT - relation type and construction match the authored meaning,CORRECT - governed case/preposition and required/optional flags match the evidence,ACCURATE - names the exact case/preposition and the participants concisely,NONE PRESENT,CORRECT - realises the taught construction transparently in natural Polish,ACCURATE AND NATURAL,COHERENT BUT ASYMMETRIC - A2/B1 against sibling 008 A1/A2; justified by governing verb,"COHERENT - teachingStatus, CEFR and empty activityEligibility agree","COHERENT - distinguishable from siblings, explanations do not contradict","CLEAN - origin truthful, nonhuman attribution only",P7-D1-003,"CEFR A2/B1 sits a full band above the Genitive sibling P7-NR-008 (A1/A2), and the reused example comes from an A1 card.",,"CEFR A2/B1 sits a full band above the Genitive sibling P7-NR-008 (A1/A2), and the reused example comes from an A1 card. Nonblocking because: Adjudicated in Phase 4F-B3A: the asymmetry is justified by the governing verb rather than the complement type, because uczyc sie + infinitive must first be separated from uczyc sie + Genitive. Both placements can be right and no CEFR change is proposed."
P7-NR-010,vp-l-dziekowac-8e4ca359cb86,dziękować,vp-m-dziekowac-thank-f19a15334790,vp-p-dziekowac-thank-za-accusative-reason-fd31baa1b1ad,lexical-frame,active-production,A1,A1,vp-e-dziekowac-thank-za-accusative-reason-thanks-for-help-edd6c7bb9169,repository-reuse:card:a1-first-phrases-006.ex,ACCEPT,NONE,YES,COHERENT - authored meaning matches the cited sense and the pattern sits inside it,CORRECT - relation type and construction match the authored meaning,CORRECT - governed case/preposition and required/optional flags match the evidence,ACCURATE - names the exact case/preposition and the participants concisely,NONE PRESENT,CORRECT - realises the taught construction transparently in natural Polish,ACCURATE AND NATURAL,PLAUSIBLE - recognition/production bands fit the construction,"COHERENT - teachingStatus, CEFR and empty activityEligibility agree","COHERENT - distinguishable from siblings, explanations do not contradict","CLEAN - origin truthful, nonhuman attribution only",,,,
P7-NR-011,vp-l-dziekowac-8e4ca359cb86,dziękować,vp-m-dziekowac-thank-f19a15334790,vp-p-dziekowac-thank-dative-recipient-za-accusative-057197dd300f,lexical-frame,active-production,A2,B1,vp-e-dziekowac-thank-dative-recipient-za-accusative-thanks-for-cooperation-92656ebcc371,editorial-generated:priority7-example-generation:2026-08-16,ACCEPT WITH NOTE,LOW,YES,COHERENT - authored meaning matches the cited sense and the pattern sits inside it,CORRECT - relation type and construction match the authored meaning,CORRECT - governed case/preposition and required/optional flags match the evidence,ACCURATE - names the exact case/preposition and the participants concisely,CORRECT - predicted error is a real learner mistake and the guidance matches the pattern,CORRECT - Dative siostrze plus za + Accusative kolacje; durable key no longer descriptive,"ACCURATE BUT LITERAL - 'I thank my sister for dinner' is role-transparent, slightly formal",PLAUSIBLE - recognition/production bands fit the construction,"COHERENT - teachingStatus, CEFR and empty activityEligibility agree","COHERENT - distinguishable from siblings, explanations do not contradict","CLEAN - origin truthful, nonhuman attribution only",P7-D1-004,"Durable key 'thanks-for-cooperation' and the ID minted from it no longer describe the sentence (now 'Dziekuje siostrze za kolacje'). The English 'I thank my sister for dinner' is a literal, slightly formal rendering.",,"Durable key 'thanks-for-cooperation' and the ID minted from it no longer describe the sentence (now 'Dziekuje siostrze za kolacje'). The English 'I thank my sister for dinner' is a literal, slightly formal rendering. Nonblocking because: Wording is not the durable identity key under the Phase 1 stable-ID specification, and key opacity was accepted in Phase 4F-C2B/C2C. The English is grammatical, role-transparent and unambiguous; only its register is at issue."
P7-NR-012,vp-l-placic-d709669437d2,płacić,vp-m-placic-pay-dd4705572184,vp-p-placic-pay-za-accusative-goods-73c6760c091d,lexical-frame,active-production,A1,A2,vp-e-placic-pay-za-accusative-goods-how-much-for-everything-dd5e5c88cfd4,editorial-generated:priority7-example-generation:2026-08-16,ACCEPT WITH NOTE,LOW,YES,COHERENT - authored meaning matches the cited sense and the pattern sits inside it,CORRECT - relation type and construction match the authored meaning,CORRECT - governed case/preposition and required/optional flags match the evidence,ACCURATE - names the exact case/preposition and the participants concisely,NONE PRESENT,CORRECT - za + Accusative on both conjuncts; durable key no longer descriptive,ACCURATE AND NATURAL,PLAUSIBLE - recognition/production bands fit the construction,"COHERENT - teachingStatus, CEFR and empty activityEligibility agree","COHERENT - distinguishable from siblings, explanations do not contradict","CLEAN - origin truthful, nonhuman attribution only",P7-D1-005,Durable key 'how-much-for-everything' and the ID minted from it no longer describe the sentence (now 'Place za kawe i gazete').,,Durable key 'how-much-for-everything' and the ID minted from it no longer describe the sentence (now 'Place za kawe i gazete'). Nonblocking because: Same opaque-identifier condition already accepted in Phase 4F-C2B/C2C; no learner-facing field is affected.
P7-NR-013,vp-l-placic-d709669437d2,płacić,vp-m-placic-pay-dd4705572184,vp-p-placic-pay-instrumental-method-ef4313d0d5ce,means-method,active-production,A1,A1,vp-e-placic-pay-instrumental-method-paying-cash-e1eba53e074b,repository-reuse:card:a1-numbers-prices-017.ex,ACCEPT WITH NOTE,LOW,YES,COHERENT - authored meaning matches the cited sense and the pattern sits inside it,CORRECT - means-method relation fits the bare Instrumental instrument,"CORRECT - required:true is construction-scoped, not verb-scoped",ACCURATE - names the exact case/preposition and the participants concisely,CORRECT - predicted error is a real learner mistake and the guidance matches the pattern,CORRECT - realises the taught construction transparently in natural Polish,ACCURATE AND NATURAL,PLAUSIBLE - recognition/production bands fit the construction,"COHERENT - teachingStatus, CEFR and empty activityEligibility agree","COHERENT - distinguishable from siblings, explanations do not contradict","CLEAN - origin truthful, nonhuman attribution only",P7-D1-006,"The Instrumental means slot is required:true although WSJP shows CZYM co-occurring with, and not required by, za CO; the locked ROLE_PHRASES.means renders as 'how it is done', which reads as manner rather than payment instrument.",,"The Instrumental means slot is required:true although WSJP shows CZYM co-occurring with, and not required by, za CO; the locked ROLE_PHRASES.means renders as 'how it is done', which reads as manner rather than payment instrument. Nonblocking because: 'required' is scoped to the taught construction, not to the verb, and the corpus applies that convention consistently. The learner-facing surface is unambiguous: learnerExplanationEn says 'To say how you pay' with karta/gotowka and the errorNote targets *place z karta. The phrasebook is global and locked, so no canonical change is available."
P7-NR-014,vp-l-uzywac-a617dcf0b2fc,używać,vp-m-uzywac-use-bf360f430fed,vp-p-uzywac-use-genitive-object-2c5cb44fe85d,lexical-frame,active-production,A2,A2,vp-e-uzywac-use-genitive-object-using-an-app-4ea0e75b504a,repository-reuse:card:b1-media-technology-001.ex,ACCEPT,NONE,YES,COHERENT - authored meaning matches the cited sense and the pattern sits inside it,CORRECT - relation type and construction match the authored meaning,CORRECT - governed case/preposition and required/optional flags match the evidence,ACCURATE - names the exact case/preposition and the participants concisely,CORRECT - predicted error is a real learner mistake and the guidance matches the pattern,CORRECT - realises the taught construction transparently in natural Polish,ACCURATE AND NATURAL,PLAUSIBLE - recognition/production bands fit the construction,"COHERENT - teachingStatus, CEFR and empty activityEligibility agree",SINGLE-PATTERN LEMMA - no sibling constraint,"CLEAN - origin truthful, nonhuman attribution only",,,,
P7-NR-015,vp-l-prosic-82f143d28483,prosić,vp-m-prosic-request-12aaa8159096,vp-p-prosic-request-o-accusative-request-06d776fbfd20,lexical-frame,active-production,A1,A2,vp-e-prosic-request-o-accusative-request-passport-please-37568555b13c,repository-reuse:card:a2-official-matters-007.ex,ACCEPT,NONE,YES,COHERENT - authored meaning matches the cited sense and the pattern sits inside it,CORRECT - relation type and construction match the authored meaning,CORRECT - governed case/preposition and required/optional flags match the evidence,ACCURATE - names the exact case/preposition and the participants concisely,NONE PRESENT,CORRECT - realises the taught construction transparently in natural Polish,ACCURATE AND NATURAL,PLAUSIBLE - recognition/production bands fit the construction,"COHERENT - teachingStatus, CEFR and empty activityEligibility agree","COHERENT - distinguishable from siblings, explanations do not contradict","CLEAN - origin truthful, nonhuman attribution only",,,,
P7-NR-016,vp-l-prosic-82f143d28483,prosić,vp-m-prosic-request-12aaa8159096,vp-p-prosic-request-accusative-person-o-accusative-thing-b7a8d9ce1a99,lexical-frame,active-production,A2,B1,,,ACCEPT WITH NOTE,LOW,YES,COHERENT - authored meaning matches the cited sense and the pattern sits inside it,CORRECT - relation type and construction match the authored meaning,CORRECT - governed case/preposition and required/optional flags match the evidence,ACCURATE - names the exact case/preposition and the participants concisely,CORRECT - predicted error is a real learner mistake and the guidance matches the pattern,ABSENT - outside the locked 13-row example scope,NOT APPLICABLE - no canonical example,PLAUSIBLE - recognition/production bands fit the construction,"COHERENT - teachingStatus, CEFR and empty activityEligibility agree","COHERENT - distinguishable from siblings, explanations do not contradict",NO EXAMPLE - evidence note wording partly superseded by AB's Phase 4C acceptance,P7-D1-007,"The repository evidence note still reads 'a research candidate awaiting human external and native confirmation', which is partly superseded: AB (native-reviewer-001) accepted all 45 rows as presented on 2026-08-13. The locked ROLE_PHRASES.interlocutor ('the person you talk to') fits rozmawiac, not prosic. No canonical example.",,"The repository evidence note still reads 'a research candidate awaiting human external and native confirmation', which is partly superseded: AB (native-reviewer-001) accepted all 45 rows as presented on 2026-08-13. The locked ROLE_PHRASES.interlocutor ('the person you talk to') fits rozmawiac, not prosic. No canonical example. Nonblocking because: External verification genuinely remains outstanding for the whole corpus, so the note is imprecise rather than false, and it is an internal research annotation with no learner-facing render path. The row's pedagogical payload works: the generated headline separates the two Accusatives by diagnostic question."
P7-NR-017,vp-l-interesowac-sie-594d3cf1b5a6,interesować się,vp-m-interesowac-sie-be-interested-in-7a9b8150975b,vp-p-interesowac-sie-be-interested-in-instrumental-topic-1ab788e84e01,lexical-frame,active-production,A2,A2,vp-e-interesowac-sie-be-interested-in-instrumental-topic-politics-and-sport-9678fabc81e9,repository-reuse:card:a2-leisure-culture-002.ex,ACCEPT,NONE,YES,COHERENT - authored meaning matches the cited sense and the pattern sits inside it,CORRECT - relation type and construction match the authored meaning,CORRECT - governed case/preposition and required/optional flags match the evidence,ACCURATE - names the exact case/preposition and the participants concisely,CORRECT - predicted error is a real learner mistake and the guidance matches the pattern,CORRECT - realises the taught construction transparently in natural Polish,ACCURATE AND NATURAL,PLAUSIBLE - recognition/production bands fit the construction,"COHERENT - teachingStatus, CEFR and empty activityEligibility agree",SINGLE-PATTERN LEMMA - no sibling constraint,"CLEAN - origin truthful, nonhuman attribution only",,,,
P7-NR-018,vp-l-dbac-15ed83f8434d,dbać,vp-m-dbac-take-care-of-2b403d3e1b49,vp-p-dbac-take-care-of-o-accusative-target-d3e3eb63129c,lexical-frame,active-production,B1,B1,vp-e-dbac-take-care-of-o-accusative-target-care-every-day-171833c3174d,editorial-generated:priority7-example-generation:2026-08-16,ACCEPT WITH NOTE,LOW,YES,COHERENT - authored meaning matches the cited sense and the pattern sits inside it,CORRECT - relation type and construction match the authored meaning,CORRECT - governed case/preposition and required/optional flags match the evidence,ACCURATE - names the exact case/preposition and the participants concisely,NONE PRESENT,CORRECT - realises the taught construction transparently in natural Polish,ACCURATE BUT SLIGHTLY UNIDIOMATIC - 'look after my fitness',PLAUSIBLE - recognition/production bands fit the construction,"COHERENT - teachingStatus, CEFR and empty activityEligibility agree",SINGLE-PATTERN LEMMA - no sibling constraint,"CLEAN - origin truthful, nonhuman attribution only",P7-D1-008,The English 'I look after my fitness every day' is a slightly unidiomatic rendering of 'Codziennie dbam o kondycje'.,,"The English 'I look after my fitness every day' is a slightly unidiomatic rendering of 'Codziennie dbam o kondycje'. Nonblocking because: Meaning, case and role are conveyed correctly and the Polish is natural contemporary usage; only the English collocation is at issue."
P7-NR-019,vp-l-tesknic-3c9b07c066c3,tęsknić,vp-m-tesknic-miss-d796ac98d4f5,vp-p-tesknic-miss-za-instrumental-target-f866502502c7,lexical-frame,active-production,B1,B1,vp-e-tesknic-miss-za-instrumental-target-missing-you-b98f2f56ea9f,repository-reuse:card:b1-relationships-012.ex,ACCEPT,NONE,YES,COHERENT - authored meaning matches the cited sense and the pattern sits inside it,CORRECT - relation type and construction match the authored meaning,CORRECT - governed case/preposition and required/optional flags match the evidence,ACCURATE - names the exact case/preposition and the participants concisely,CORRECT - predicted error is a real learner mistake and the guidance matches the pattern,CORRECT - realises the taught construction transparently in natural Polish,ACCURATE AND NATURAL,PLAUSIBLE - recognition/production bands fit the construction,"COHERENT - teachingStatus, CEFR and empty activityEligibility agree",SINGLE-PATTERN LEMMA - no sibling constraint,"CLEAN - origin truthful, nonhuman attribution only",,,,
P7-NR-020,vp-l-rozmawiac-dd7ecc80c231,rozmawiać,vp-m-rozmawiac-talk-with-73fae3a5d72c,vp-p-rozmawiac-talk-with-z-instrumental-interlocutor-8398fa7449ca,lexical-frame,active-production,A2,A2,,,ACCEPT,NONE,YES,COHERENT - authored meaning matches the cited sense and the pattern sits inside it,CORRECT - relation type and construction match the authored meaning,CORRECT - governed case/preposition and required/optional flags match the evidence,ACCURATE - names the exact case/preposition and the participants concisely,NONE PRESENT,ABSENT - outside the locked 13-row example scope,NOT APPLICABLE - no canonical example,PLAUSIBLE - recognition/production bands fit the construction,"COHERENT - teachingStatus, CEFR and empty activityEligibility agree","COHERENT - distinguishable from siblings, explanations do not contradict",NOT APPLICABLE - no canonical example,,,,
P7-NR-021,vp-l-rozmawiac-dd7ecc80c231,rozmawiać,vp-m-rozmawiac-talk-with-73fae3a5d72c,vp-p-rozmawiac-talk-with-o-locative-topic-b1c59475ac05,lexical-frame,active-production,A2,A2,,,ACCEPT WITH NOTE,LOW,YES,COHERENT - authored meaning matches the cited sense and the pattern sits inside it,CORRECT - relation type and construction match the authored meaning,CORRECT - required:true is construction-scoped; WSJP parenthesises the slot,"ACCURATE - plural illustration is stylistic, not an encoded restriction",NONE PRESENT,ABSENT - outside the locked 13-row example scope,NOT APPLICABLE - no canonical example,PLAUSIBLE - recognition/production bands fit the construction,"COHERENT - teachingStatus, CEFR and empty activityEligibility agree","COHERENT - distinguishable from siblings, explanations do not contradict",NOT APPLICABLE - no canonical example,P7-D1-009,"required:true is authored on a slot WSJP parenthesises, '(o CZYM)', and learnerExplanationEn illustrates with a plural subject ('rozmawiamy o pracy').",,"required:true is authored on a slot WSJP parenthesises, '(o CZYM)', and learnerExplanationEn illustrates with a plural subject ('rozmawiamy o pracy'). Nonblocking because: Adjudicated in Phase 4F-B3A: WSJP's plural-subject/singular-subject split idealises the entry rather than the language, the authored pattern licenses no error, and the plural is a stylistic choice, not an encoded restriction."
P7-NR-022,vp-l-rozmawiac-dd7ecc80c231,rozmawiać,vp-m-rozmawiac-talk-with-73fae3a5d72c,vp-p-rozmawiac-talk-with-z-instrumental-o-locative-4e586b18cf98,lexical-frame,active-production,B1,B1,,,ACCEPT,NONE,YES,COHERENT - authored meaning matches the cited sense and the pattern sits inside it,CORRECT - relation type and construction match the authored meaning,CORRECT - governed case/preposition and required/optional flags match the evidence,ACCURATE - names the exact case/preposition and the participants concisely,CORRECT - predicted error is a real learner mistake and the guidance matches the pattern,ABSENT - outside the locked 13-row example scope,NOT APPLICABLE - no canonical example,PLAUSIBLE - recognition/production bands fit the construction,"COHERENT - teachingStatus, CEFR and empty activityEligibility agree","COHERENT - distinguishable from siblings, explanations do not contradict",NOT APPLICABLE - no canonical example,,,,
P7-NR-023,vp-l-bac-sie-0fcafe1aef9f,bać się,vp-m-bac-sie-be-afraid-of-60cc08a05be5,vp-p-bac-sie-be-afraid-of-genitive-stimulus-4f1d684a5144,lexical-frame,active-production,A2,B1,vp-e-bac-sie-be-afraid-of-genitive-stimulus-spiders-and-flying-05ebb1adaeeb,repository-reuse:card:b1-character-emotions-010.ex,ACCEPT WITH NOTE,LOW,YES,COHERENT - authored meaning matches the cited sense and the pattern sits inside it,"CORRECT - key/role vocabulary mismatch only, no linguistic effect",CORRECT - governed case/preposition and required/optional flags match the evidence,ACCURATE - names the exact case/preposition and the participants concisely,CORRECT - predicted error is a real learner mistake and the guidance matches the pattern,CORRECT - realises the taught construction transparently in natural Polish,ACCURATE AND NATURAL,PLAUSIBLE - recognition/production bands fit the construction,"COHERENT - teachingStatus, CEFR and empty activityEligibility agree","COHERENT - distinguishable from siblings, explanations do not contradict","CLEAN - origin truthful, nonhuman attribution only",P7-D1-010,Pattern key says 'genitive-stimulus' while the complement role is 'target'.,,"Pattern key says 'genitive-stimulus' while the complement role is 'target'. Nonblocking because: ROLES is a closed ten-value enum in priority7_tooling.py with no 'stimulus' member, so there is no canonical change available inside the locked model. Kept as model-vocabulary debt for a post-pilot enum review."
P7-NR-024,vp-l-bac-sie-0fcafe1aef9f,bać się,vp-m-bac-sie-worry-about-3a50faed54bf,vp-p-bac-sie-worry-about-o-accusative-concern-c4b9b8d6811b,lexical-frame,recognition-only,B1,,,,ACCEPT,NONE,YES,COHERENT - authored meaning matches the cited sense and the pattern sits inside it,CORRECT - relation type and construction match the authored meaning,CORRECT - governed case/preposition and required/optional flags match the evidence,ACCURATE - names the exact case/preposition and the participants concisely,NONE PRESENT,ABSENT - outside the locked 13-row example scope,NOT APPLICABLE - no canonical example,PLAUSIBLE - recognition/production bands fit the construction,"COHERENT - teachingStatus, CEFR and empty activityEligibility agree","COHERENT - distinguishable from siblings, explanations do not contradict",NOT APPLICABLE - no canonical example,,,,
P7-NR-025,vp-l-byc-8deae1e7376a,być,vp-m-byc-predicate-role-93c209d5654b,vp-p-byc-predicate-role-instrumental-predicate-3b90a83fbb30,constructional-frame,active-production,A1,A2,vp-e-byc-predicate-role-instrumental-predicate-first-year-student-181cc5a0b335,repository-reuse:card:a2-work-education-016.ex,ACCEPT,NONE,YES,COHERENT - authored meaning matches the cited sense and the pattern sits inside it,CORRECT - relation type and construction match the authored meaning,CORRECT - governed case/preposition and required/optional flags match the evidence,ACCURATE - names the exact case/preposition and the participants concisely,CORRECT - predicted error is a real learner mistake and the guidance matches the pattern,CORRECT - realises the taught construction transparently in natural Polish,ACCURATE AND NATURAL,PLAUSIBLE - recognition/production bands fit the construction,"COHERENT - teachingStatus, CEFR and empty activityEligibility agree",SINGLE-PATTERN LEMMA - no sibling constraint,"CLEAN - origin truthful, nonhuman attribution only",,,,
P7-NR-026,vp-l-znac-a4c921e7688c,znać,vp-m-znac-be-acquainted-with-54b71d59f073,vp-p-znac-be-acquainted-with-accusative-object-379e19b36299,lexical-frame,active-production,A1,A1,vp-e-znac-be-acquainted-with-accusative-object-know-this-restaurant-966b2c8de5a3,repository-reuse:card:a1-first-verbs-012.ex,ACCEPT,NONE,YES,COHERENT - authored meaning matches the cited sense and the pattern sits inside it,CORRECT - relation type and construction match the authored meaning,CORRECT - governed case/preposition and required/optional flags match the evidence,ACCURATE - names the exact case/preposition and the participants concisely,NONE PRESENT,CORRECT - realises the taught construction transparently in natural Polish,ACCURATE AND NATURAL,PLAUSIBLE - recognition/production bands fit the construction,"COHERENT - teachingStatus, CEFR and empty activityEligibility agree",SINGLE-PATTERN LEMMA - no sibling constraint,"CLEAN - origin truthful, nonhuman attribution only",,,,
P7-NR-027,vp-l-lubic-a9766b487203,lubić,vp-m-lubic-enjoy-thing-or-activity-fd56f32d6d55,vp-p-lubic-enjoy-thing-or-activity-accusative-object-7e585a50878f,lexical-frame,active-production,A1,A1,vp-e-lubic-enjoy-thing-or-activity-accusative-object-polish-food-857835bb5b81,repository-reuse:card:a1-first-verbs-018.ex,ACCEPT WITH NOTE,LOW,YES,COHERENT - broad enjoy sense matches source; people sense deliberately excluded,CORRECT - relation type and construction match the authored meaning,CORRECT - governed case/preposition and required/optional flags match the evidence,ACCURATE - names the exact case/preposition and the participants concisely,NONE PRESENT,CORRECT - realises the taught construction transparently in natural Polish,ACCURATE AND NATURAL,PLAUSIBLE - recognition/production bands fit the construction,"COHERENT - teachingStatus, CEFR and empty activityEligibility agree","COHERENT - distinguishable from siblings, explanations do not contradict","CLEAN - origin truthful, nonhuman attribution only",P7-D1-011,Excluding the separately numbered people sense (lubic kogos) means the lubic / podobac sie personal contrast the corpus cross-references cannot actually be shown.,,"Excluding the separately numbered people sense (lubic kogos) means the lubic / podobac sie personal contrast the corpus cross-references cannot actually be shown. Nonblocking because: The source lists CO and BEZOKOLICZNIK under one sense, so the broad enjoy meaning is not imposed on the data; this is post-pilot coverage, not a pilot correctness problem."
P7-NR-028,vp-l-lubic-a9766b487203,lubić,vp-m-lubic-enjoy-thing-or-activity-fd56f32d6d55,vp-p-lubic-enjoy-thing-or-activity-infinitive-activity-be3742b7ce45,lexical-frame,active-production,A1,A1,vp-e-lubic-enjoy-thing-or-activity-infinitive-activity-reading-before-sleep-d573db6f04d1,repository-reuse:card:a1-free-time-003.ex,ACCEPT WITH NOTE,LOW,YES,COHERENT - authored meaning matches the cited sense and the pattern sits inside it,CORRECT - relation type and construction match the authored meaning,CORRECT - governed case/preposition and required/optional flags match the evidence,ACCURATE - names the exact case/preposition and the participants concisely,NONE PRESENT,CORRECT - realises the taught construction transparently in natural Polish,ACCURATE BUT LESS IDIOMATIC THAN SOURCE - 'before sleep' vs card's 'before bed',PLAUSIBLE - recognition/production bands fit the construction,"COHERENT - teachingStatus, CEFR and empty activityEligibility agree","COHERENT - distinguishable from siblings, explanations do not contradict",CLEAN - Polish resolves exactly to card a1-free-time-003 field ex; English gloss diverges,P7-D1-012,"The English 'I like reading before sleep' diverges from the shipping card's own gloss of the identical sentence, 'I like reading before bed', which is the more idiomatic English for 'przed snem'.",,"The English 'I like reading before sleep' diverges from the shipping card's own gloss of the identical sentence, 'I like reading before bed', which is the more idiomatic English for 'przed snem'. Nonblocking because: The Polish resolves byte-exactly to card a1-free-time-003 field ex, so provenance is intact; only the editorial English gloss is less idiomatic than the app's."
P7-NR-029,vp-l-mowic-5f4740bd3f57,mówić,vp-m-mowic-tell-content-15073cbb8666,vp-p-mowic-tell-content-dative-recipient-accusative-content-2f2b1add1960,lexical-frame,active-production,A2,B1,,,ACCEPT WITH NOTE,LOW,YES,COHERENT - authored meaning matches the cited sense and the pattern sits inside it,CORRECT - relation type and construction match the authored meaning,"CORRECT - optional Dative, required Accusative; B3B correction intact",ACCURATE - names the exact case/preposition and the participants concisely,NONE PRESENT,ABSENT - outside the locked 13-row example scope; B3B directive outstanding,NOT APPLICABLE - no canonical example,PLAUSIBLE - recognition/production bands fit the construction,"COHERENT - teachingStatus, CEFR and empty activityEligibility agree","COHERENT - distinguishable from siblings, explanations do not contradict",NOT APPLICABLE - no canonical example,P7-D1-013,The Phase 4F-B3B directive that examples show the recipient both present and omitted is still outstanding; this row has no canonical example.,,"The Phase 4F-B3B directive that examples show the recipient both present and omitted is still outstanding; this row has no canonical example. Nonblocking because: The optional-Dative correction is itself coherent and complete: complements[0].required is false, complements[1] stays true, and learnerExplanationEn states the omission explicitly ('the person can be left out: mowie prawde')."
P7-NR-030,vp-l-mowic-5f4740bd3f57,mówić,vp-m-mowic-tell-content-15073cbb8666,vp-p-mowic-tell-content-dative-recipient-ze-clause-a01ddc4a4736,lexical-frame,active-production,A2,B1,,,ACCEPT WITH NOTE,LOW,YES,COHERENT - authored meaning matches the cited sense and the pattern sits inside it,CORRECT - relation type and construction match the authored meaning,"CORRECT - optional Dative, required ze-clause; B3B correction intact",ACCURATE - names the exact case/preposition and the participants concisely,NONE PRESENT,ABSENT - outside the locked 13-row example scope; B3B directive outstanding,NOT APPLICABLE - no canonical example,PLAUSIBLE - recognition/production bands fit the construction,"COHERENT - teachingStatus, CEFR and empty activityEligibility agree","COHERENT - distinguishable from siblings, explanations do not contradict",NOT APPLICABLE - no canonical example,P7-D1-014,The Phase 4F-B3B directive that examples show the recipient both present and omitted is still outstanding; this row has no canonical example.,,"The Phase 4F-B3B directive that examples show the recipient both present and omitted is still outstanding; this row has no canonical example. Nonblocking because: The optional-Dative correction is coherent: the clause complement stays required:true and learnerExplanationEn carries the optionality ('the person, if named, is Dative')."
P7-NR-031,vp-l-pytac-0410b0f88718,pytać,vp-m-pytac-ask-for-information-edc2b66ff9d6,vp-p-pytac-ask-for-information-o-accusative-topic-c89674d989d8,lexical-frame,active-production,A2,A2,vp-e-pytac-ask-for-information-o-accusative-topic-asking-about-the-price-662fceb895d3,editorial-generated:priority7-example-generation:2026-08-16,ACCEPT WITH NOTE,LOW,YES,COHERENT - authored meaning matches the cited sense and the pattern sits inside it,CORRECT - relation type and construction match the authored meaning,CORRECT - governed case/preposition and required/optional flags match the evidence,ACCURATE - names the exact case/preposition and the participants concisely,NONE PRESENT,CORRECT - realises the taught construction transparently in natural Polish,ACCURATE AND NATURAL,PLAUSIBLE - recognition/production bands fit the construction,"COHERENT - teachingStatus, CEFR and empty activityEligibility agree","COHERENT - distinguishable from siblings, explanations do not contradict","CLEAN - editorial-generated, nonhuman generatorRef; subframe support is single-collocation",P7-D1-015,"Reference support is subframe and, as the canonical evidence note itself records, rests on a single collocation rather than a whole collocation class.",,"Reference support is subframe and, as the canonical evidence note itself records, rests on a single collocation rather than a whole collocation class. Nonblocking because: The limitation is already recorded truthfully in canonical evidence and in the reference-verification event; the authored construction is a selective learner pattern, which the locked specification permits, and the example realises it cleanly."
P7-NR-032,vp-l-pytac-0410b0f88718,pytać,vp-m-pytac-ask-for-information-edc2b66ff9d6,vp-p-pytac-ask-for-information-accusative-person-o-accusative-topic-841b41ed735a,lexical-frame,active-production,A2,B1,vp-e-pytac-ask-for-information-accusative-person-o-accusative-topic-asking-a-friend-about-a-restaurant-4e51f8927a78,editorial-generated:priority7-example-generation:2026-08-16,ACCEPT,NONE,YES,COHERENT - authored meaning matches the cited sense and the pattern sits inside it,CORRECT - relation type and construction match the authored meaning,CORRECT - governed case/preposition and required/optional flags match the evidence,ACCURATE - names the exact case/preposition and the participants concisely,CORRECT - predicted error is a real learner mistake and the guidance matches the pattern,CORRECT - realises the taught construction transparently in natural Polish,ACCURATE AND NATURAL,PLAUSIBLE - recognition/production bands fit the construction,"COHERENT - teachingStatus, CEFR and empty activityEligibility agree","COHERENT - distinguishable from siblings, explanations do not contradict","CLEAN - origin truthful, nonhuman attribution only",,,,
P7-NR-033,vp-l-widziec-59dbe12f8b3d,widzieć,vp-m-widziec-perceive-visually-65710cb07f86,vp-p-widziec-perceive-visually-accusative-object-80b697e51432,lexical-frame,active-production,A1,A1,vp-e-widziec-perceive-visually-accusative-object-saw-your-sister-ec51af47f224,editorial-generated:priority7-example-generation:2026-08-16,ACCEPT WITH NOTE,LOW,YES,COHERENT - authored meaning matches the cited sense and the pattern sits inside it,CORRECT - relation type and construction match the authored meaning,CORRECT - governed case/preposition and required/optional flags match the evidence,ACCURATE - names the exact case/preposition and the participants concisely,NONE PRESENT,CORRECT - te czerwona torbe carries overt Accusative on adjective and noun; durable key no longer descriptive,ACCURATE AND NATURAL,PLAUSIBLE - recognition/production bands fit the construction,"COHERENT - teachingStatus, CEFR and empty activityEligibility agree",SINGLE-PATTERN LEMMA - no sibling constraint,"CLEAN - origin truthful, nonhuman attribution only",P7-D1-016,Durable key 'saw-your-sister' and the ID minted from it no longer describe the sentence (now 'Czy widzisz te czerwona torbe?').,,"Durable key 'saw-your-sister' and the ID minted from it no longer describe the sentence (now 'Czy widzisz te czerwona torbe?'). Nonblocking because: Explicitly adjudicated in Phase 4F-C2C: wording is not the durable identity key, the origin object is byte-identical and re-minting would churn a deterministic ID for an identity-preserving wording change."
P7-NR-034,vp-l-miec-3d78141ba164,mieć,vp-m-miec-possess-1ba1201b22bf,vp-p-miec-possess-accusative-object-7181f802bd57,lexical-frame,active-production,A1,A1,vp-e-miec-possess-accusative-object-two-cats-and-a-dog-2ce2746c0cfc,repository-reuse:card:a1-first-verbs-002.ex,ACCEPT,NONE,YES,COHERENT - authored meaning matches the cited sense and the pattern sits inside it,CORRECT - relation type and construction match the authored meaning,CORRECT - governed case/preposition and required/optional flags match the evidence,ACCURATE - names the exact case/preposition and the participants concisely,NONE PRESENT,CORRECT - realises the taught construction transparently in natural Polish,ACCURATE AND NATURAL,PLAUSIBLE - recognition/production bands fit the construction,"COHERENT - teachingStatus, CEFR and empty activityEligibility agree",SINGLE-PATTERN LEMMA - no sibling constraint,"CLEAN - origin truthful, nonhuman attribution only",,,,
P7-NR-035,vp-l-myslec-8be636ebca9e,myśleć,vp-m-myslec-think-about-fa2e0ab5d95a,vp-p-myslec-think-about-o-locative-topic-edf0461e0dd2,lexical-frame,active-production,A2,A2,vp-e-myslec-think-about-o-locative-topic-thinking-about-the-exam-10ede796a5be,editorial-generated:priority7-example-generation:2026-08-16,ACCEPT,NONE,YES,COHERENT - authored meaning matches the cited sense and the pattern sits inside it,CORRECT - relation type and construction match the authored meaning,CORRECT - governed case/preposition and required/optional flags match the evidence,ACCURATE - names the exact case/preposition and the participants concisely,CORRECT - predicted error is a real learner mistake and the guidance matches the pattern,CORRECT - realises the taught construction transparently in natural Polish,ACCURATE AND NATURAL,PLAUSIBLE - recognition/production bands fit the construction,"COHERENT - teachingStatus, CEFR and empty activityEligibility agree",SINGLE-PATTERN LEMMA - no sibling constraint,"CLEAN - origin truthful, nonhuman attribution only",,,,
P7-NR-036,vp-l-znalezc-eec53e19f1a0,znaleźć,vp-m-znalezc-find-8a0f0f34b6e8,vp-p-znalezc-find-accusative-object-d80c52211462,lexical-frame,active-production,A2,B1,vp-e-znalezc-find-accusative-object-finally-found-a-flat-3609f7a71e3f,editorial-generated:priority7-example-generation:2026-08-16,ACCEPT WITH NOTE,LOW,YES,COHERENT - authored meaning matches the cited sense and the pattern sits inside it,CORRECT - relation type and construction match the authored meaning,CORRECT - governed case/preposition and required/optional flags match the evidence,ACCURATE - names the exact case/preposition and the participants concisely,"CORRECT BUT DECOUPLED - names mieszkanie, the object of the replaced example; distractor homographic with Accusative plural",CORRECT - realises the taught construction transparently in natural Polish,ACCURATE AND NATURAL,PLAUSIBLE - recognition/production bands fit the construction,"COHERENT - teachingStatus, CEFR and empty activityEligibility agree",SINGLE-PATTERN LEMMA - no sibling constraint,"CLEAN - origin truthful, nonhuman attribution only",P7-D1-017,"The errorNote still names 'mieszkanie', the object of the example Phase 4F-C1C replaced ('W koncu udalo mi sie znalezc mieszkanie' -> 'W koncu znalazlam nowa prace'). The distractor string 'znalezc mieszkania' is additionally homographic with a grammatical Accusative plural ('to find flats').",,"The errorNote still names 'mieszkanie', the object of the example Phase 4F-C1C replaced ('W koncu udalo mi sie znalezc mieszkanie' -> 'W koncu znalazlam nowa prace'). The distractor string 'znalezc mieszkania' is additionally homographic with a grammatical Accusative plural ('to find flats'). Nonblocking because: The errorNote is a correct, self-contained illustration that neither quotes nor contradicts the example, and its guidance immediately disambiguates with the singular 'znalezc mieszkanie'. The same errorNote/example noun decoupling was explicitly accepted as a non-defect trade in Phase 4F-C2C for P7-NR-043."
P7-NR-037,vp-l-podobac-sie-26084690c7ca,podobać się,vp-m-podobac-sie-appeal-to-a74665181e3f,vp-p-podobac-sie-appeal-to-nominative-stimulus-dative-experiencer-ef199e675ee9,subject-experiencer,active-production,A2,A2,,,ACCEPT WITH NOTE,LOW,YES,COHERENT - authored meaning matches the cited sense and the pattern sits inside it,CORRECT - relation type and construction match the authored meaning,CORRECT - governed case/preposition and required/optional flags match the evidence,ACCURATE - names the exact case/preposition and the participants concisely,CORRECT - predicted error is a real learner mistake and the guidance matches the pattern,ABSENT - outside the locked 13-row example scope; B3B directive outstanding,NOT APPLICABLE - no canonical example,PLAUSIBLE - recognition/production bands fit the construction,COHERENT - active-production A2 fits the pattern; B3B example directive outstanding,SINGLE-PATTERN LEMMA - no sibling constraint,NOT APPLICABLE - no canonical example,P7-D1-018,The Phase 4F-B3B directive to author a contrastive example pairing podobac sie with lubic is still outstanding; this row is now active-production A2 with no canonical example.,,"The Phase 4F-B3B directive to author a contrastive example pairing podobac sie with lubic is still outstanding; this row is now active-production A2 with no canonical example. Nonblocking because: The promotion is coherent on its own terms: cefr.production A2 matches recognition A2, the subject-experiencer relation type and reversed Nominative/Dative mapping are stated in learnerExplanationEn and the errorNote, and activityEligibility is empty so nothing is generated from the row."
P7-NR-038,vp-l-ufac-6a061471e40a,ufać,vp-m-ufac-trust-92b1bdb490f0,vp-p-ufac-trust-dative-object-10988adac8cd,lexical-frame,active-production,B1,B1,,,ACCEPT,NONE,YES,COHERENT - authored meaning matches the cited sense and the pattern sits inside it,CORRECT - relation type and construction match the authored meaning,CORRECT - governed case/preposition and required/optional flags match the evidence,ACCURATE - names the exact case/preposition and the participants concisely,CORRECT - predicted error is a real learner mistake and the guidance matches the pattern,ABSENT - outside the locked 13-row example scope,NOT APPLICABLE - no canonical example,PLAUSIBLE - recognition/production bands fit the construction,"COHERENT - teachingStatus, CEFR and empty activityEligibility agree",SINGLE-PATTERN LEMMA - no sibling constraint,NOT APPLICABLE - no canonical example,,,,
P7-NR-039,vp-l-wierzyc-171eb7790262,wierzyć,vp-m-wierzyc-have-trust-0a6cbf4eee17,vp-p-wierzyc-have-trust-dative-object-f38bb3e72123,lexical-frame,active-production,A2,B1,,,ACCEPT WITH NOTE,LOW,YES,COHERENT - broad trust meaning retained by decision; both frames under one source sense,CORRECT - relation type and construction match the authored meaning,CORRECT - governed case/preposition and required/optional flags match the evidence,ACCURATE - names the exact case/preposition and the participants concisely,CORRECT - predicted error is a real learner mistake and the guidance matches the pattern,ABSENT - outside the locked 13-row example scope,NOT APPLICABLE - no canonical example,PLAUSIBLE - recognition/production bands fit the construction,"COHERENT - teachingStatus, CEFR and empty activityEligibility agree",DISTINGUISHABLE - explanations separate Dative 'believe a person' from w + Accusative 'confidence in',NOT APPLICABLE - no canonical example,P7-D1-019,One broad 'have-trust' meaning carries both the Dative and the w + Accusative frame.,,"One broad 'have-trust' meaning carries both the Dative and the w + Accusative frame. Nonblocking because: Decided in Phase 4F-B3A and retained: the cited WSJP sense lists both frames under one numbered sense, the two patterns state the contrast explicitly, and splitting would move the pilot to 35 meanings and reopen meaning-level reference support that Phase 4F-A closed."
P7-NR-040,vp-l-wierzyc-171eb7790262,wierzyć,vp-m-wierzyc-have-trust-0a6cbf4eee17,vp-p-wierzyc-have-trust-w-accusative-target-6561408ea8d1,lexical-frame,active-production,B1,B1,,,ACCEPT WITH NOTE,LOW,YES,COHERENT - broad trust meaning retained by decision,CORRECT - relation type and construction match the authored meaning,CORRECT - governed case/preposition and required/optional flags match the evidence,ACCURATE - names the exact case/preposition and the participants concisely,NONE PRESENT,ABSENT - outside the locked 13-row example scope; B3B directive outstanding,NOT APPLICABLE - no canonical example,PLAUSIBLE - recognition/production bands fit the construction,COHERENT - active-production B1 removes the asymmetry with sibling 039,"COHERENT - distinguishable from siblings, explanations do not contradict",NOT APPLICABLE - no canonical example,P7-D1-020,The Phase 4F-B3B directive to author a contrastive example pairing 'wierze ci' with 'wierze w ciebie' is still outstanding; this row is now active-production B1 with no canonical example.,,The Phase 4F-B3B directive to author a contrastive example pairing 'wierze ci' with 'wierze w ciebie' is still outstanding; this row is now active-production B1 with no canonical example. Nonblocking because: The promotion is coherent and removes the pre-existing asymmetry with the already active-production Dative sibling P7-NR-039; the broad parent meaning was kept verbatim and no evidence moved.
P7-NR-041,vp-l-zajmowac-sie-176f8a1300f8,zajmować się,vp-m-zajmowac-sie-occupation-activity-7e3a8332a3bc,vp-p-zajmowac-sie-occupation-activity-instrumental-topic-3321df3f989e,lexical-frame,active-production,A2,B1,,,ACCEPT,NONE,YES,COHERENT - authored meaning matches the cited sense and the pattern sits inside it,CORRECT - relation type and construction match the authored meaning,CORRECT - governed case/preposition and required/optional flags match the evidence,ACCURATE - names the exact case/preposition and the participants concisely,CORRECT - predicted error is a real learner mistake and the guidance matches the pattern,ABSENT - outside the locked 13-row example scope,NOT APPLICABLE - no canonical example,PLAUSIBLE - recognition/production bands fit the construction,"COHERENT - teachingStatus, CEFR and empty activityEligibility agree","COHERENT - distinguishable from siblings, explanations do not contradict",NOT APPLICABLE - no canonical example,,,,
P7-NR-042,vp-l-zajmowac-sie-176f8a1300f8,zajmować się,vp-m-zajmowac-sie-look-after-person-b23fbb8fc99b,vp-p-zajmowac-sie-look-after-person-instrumental-object-6f93facbd939,lexical-frame,recognition-only,B1,,vp-e-zajmowac-sie-look-after-person-instrumental-object-looking-after-my-sisters-daughter-1976cdf5b971,editorial-generated:priority7-example-generation:2026-08-16,ACCEPT WITH NOTE,LOW,YES,COHERENT - authored meaning matches the cited sense and the pattern sits inside it,CORRECT - relation type and construction match the authored meaning,CORRECT - governed case/preposition and required/optional flags match the evidence,ACCURATE - names the exact case/preposition and the participants concisely,NONE PRESENT,CORRECT - realises the taught construction transparently in natural Polish,ACCURATE AND NATURAL,PLAUSIBLE - recognition/production bands fit the construction,COHERENT - recognition-only follows the primary/secondary-sense principle,DISTINGUISHED BY STATUS - near-identical English glosses against 043,"CLEAN - origin truthful, nonhuman attribution only",P7-D1-021,"recognition-only here against active-production on opiekowac sie (P7-NR-043) while both English glosses read 'look after', so the distinction rests on teachingStatus rather than on any learner-facing text.",,"recognition-only here against active-production on opiekowac sie (P7-NR-043) while both English glosses read 'look after', so the distinction rests on teachingStatus rather than on any learner-facing text. Nonblocking because: Adjudicated in Phase 4F-B3A: the corpus consistently produces the primary or dedicated sense and recognises the secondary sense of a polysemous verb (cf. 004/005, 023/024). contentRef.kind is a closed enum, so a pattern cannot reference a sibling pattern to carry the contrast."
P7-NR-043,vp-l-opiekowac-sie-3a290ee21577,opiekować się,vp-m-opiekowac-sie-care-for-278e820d8562,vp-p-opiekowac-sie-care-for-instrumental-object-8aa6f0a91e5b,lexical-frame,active-production,B1,B1,vp-e-opiekowac-sie-care-for-instrumental-object-caring-for-a-sick-grandmother-5d1ea100cdfa,editorial-generated:priority7-example-generation:2026-08-16,ACCEPT,NONE,YES,COHERENT - authored meaning matches the cited sense and the pattern sits inside it,CORRECT - relation type and construction match the authored meaning,CORRECT - governed case/preposition and required/optional flags match the evidence,ACCURATE - names the exact case/preposition and the participants concisely,CORRECT - predicted error is a real learner mistake and the guidance matches the pattern,CORRECT - mlodsza siostra shows Instrumental -a on adjective and noun; C2C collision repair sound,ACCURATE AND NATURAL,PLAUSIBLE - recognition/production bands fit the construction,"COHERENT - teachingStatus, CEFR and empty activityEligibility agree",DISTINCT FROM 042 - complement differs; teaching-status split not reopened,"CLEAN - origin truthful, nonhuman attribution only",,,,
P7-NR-044,vp-l-zalezec-679daa27f9be,zależeć,vp-m-zalezec-depend-on-d640b1729639,vp-p-zalezec-depend-on-od-genitive-source-1ad29f7a1318,lexical-frame,active-production,B1,B1,vp-e-zalezec-depend-on-od-genitive-source-plans-depend-on-the-weather-e539ac27be66,editorial-generated:priority7-example-generation:2026-08-16,ACCEPT,NONE,YES,COHERENT - authored meaning matches the cited sense and the pattern sits inside it,CORRECT - relation type and construction match the authored meaning,CORRECT - governed case/preposition and required/optional flags match the evidence,ACCURATE - names the exact case/preposition and the participants concisely,NONE PRESENT,CORRECT - realises the taught construction transparently in natural Polish,ACCURATE AND NATURAL,PLAUSIBLE - recognition/production bands fit the construction,"COHERENT - teachingStatus, CEFR and empty activityEligibility agree","COHERENT - distinguishable from siblings, explanations do not contradict","CLEAN - origin truthful, nonhuman attribution only",,,,
P7-NR-045,vp-l-zalezec-679daa27f9be,zależeć,vp-m-zalezec-matter-to-someone-e7bf97e3c145,vp-p-zalezec-matter-to-someone-dative-experiencer-na-locative-1fc4131471cc,lexical-frame,recognition-only,B1,,,,ACCEPT WITH NOTE,LOW,YES,COHERENT - authored meaning matches the cited sense and the pattern sits inside it,CORRECT - lexical-frame on a subjectless construction is a model boundary,CORRECT - governed case/preposition and required/optional flags match the evidence,ACCURATE - names the exact case/preposition and the participants concisely,NONE PRESENT,ABSENT - outside the locked 13-row example scope,NOT APPLICABLE - no canonical example,PLAUSIBLE - recognition/production bands fit the construction,"COHERENT - teachingStatus, CEFR and empty activityEligibility agree","COHERENT - distinguishable from siblings, explanations do not contradict",NOT APPLICABLE - no canonical example,P7-D1-022,"A genuinely subjectless impersonal construction is typed lexical-frame, and its subjectlessness is carried by learnerExplanationEn prose alone.",,"A genuinely subjectless impersonal construction is typed lexical-frame, and its subjectlessness is carried by learnerExplanationEn prose alone. Nonblocking because: subject-experiencer requires both a subject and an experiencer role and this construction has no subject slot, so the typing is a model boundary rather than an authoring inconsistency; there is no canonical change available."
