reviewId,lemma,meaningId,patternId,pattern,relationType,cefrRecognition,cefrProduction,teachingStatus,supportClass,b1Verdict,b1Severity,b1FindingRefs,b1Rationale,b1ProposedChange,b2Verdict,b2Severity,b2FindingId,b2Rationale,b2ProposedChange,agreementClass,treatmentDivergence,b3aDisposition,b3aSeverity,b3aPrimaryCategory,b3aSecondaryCategories,b3aRationale,b3aProposedChange,noteDisposition,deferReopenCriteria,ownerPhase
P7-NR-001,szukać,vp-m-szukac-seek-35b07b1cceb1,vp-p-szukac-seek-genitive-target-71dc6eff512c,szukać + Genitive,lexical-frame,A1,A1,active-production,EXACT-FRAME,ACCEPT WITH NOTE,LOW,F-14,"Genitive government is invariant across the entry's senses, so the single seek meaning is pedagogically coherent whichever numbered sense is cited. The locator's sense cue ('zaginionego', a lost thing) is narrower than the authored scope and than the canonical example, which is a café one wants rather than one lost.","None to linguistic content. Record that the cue is a locator, not a description of the taught scope.",ACCEPT,NONE,,"The seek meaning, required taught target, Genitive label, A1 production status, and contrast with znaleźć are clear; the canonical example displays the case adequately.",,COMPATIBLE DIFFERENCE,NO,ACCEPT WITH NONBLOCKING NOTE,LOW,LABEL_OR_NOTE,,"F-14 is correct and worth keeping as reading guidance: the WSJP locator cue 'zaginionego' identifies which numbered sense was opened, it does not describe the taught scope, which the canonical cafe example legitimately exceeds. Genitive government is invariant across the candidate senses, so nothing linguistic turns on the cue and B2's clean ACCEPT is not disturbed. Kept because the same misreading is available for the other three cue-bearing locators.",,KEEP NOTE,,REGISTER-ONLY
P7-NR-002,pomagać,vp-m-pomagac-assist-a4c05bbfc25c,vp-p-pomagac-assist-dative-recipient-9f0a375c5e81,pomagać + Dative,lexical-frame,A1,A1,active-production,SUBFRAME,ACCEPT WITH NOTE,LOW,F-01,"The bare Dative recipient is idiomatic and complete on its own; 'Pomagam mamie' needs no second participant to be well formed, so omitting the w+Locative area misleads nobody. Row 3 supplies the fuller frame, so both exist. This is the model case for the subframe standard. No canonical example yet (draft B-01, authorship-blocked).",None. Example authoring in 4F-C.,ACCEPT,NONE,,The bare Dative recipient is a useful complete learner construction and does not imply that an activity phrase cannot be added; its fuller sibling supplies that extension.,Add the planned canonical example in 4F-C before learner activation; no pattern change.,COMPATIBLE DIFFERENCE,NO,ACCEPT AS IS,NONE,NONE,,"B1's only note is F-01, the corpus-level example gap, which B2 records identically as a 4F-C dependency rather than a finding. It is tracked once at phase level and is not row debt. Both reviewers otherwise agree: 'Pomagam mamie' is a complete idiomatic utterance and row 003 supplies the fuller frame. This is the model case for the subframe standard.",,DROP NOTE,,NONE
P7-NR-003,pomagać,vp-m-pomagac-assist-a4c05bbfc25c,vp-p-pomagac-assist-dative-recipient-w-locative-area-1e507dcdb869,pomagać + Dative + w + Locative,lexical-frame,A2,A2,active-production,EXACT-FRAME,ACCEPT WITH NOTE,LOW,F-01,"EXACT-FRAME on 'KOMU + w CZYM'. Teaching only the w alternant and leaving przy aside matches the pilot's consistent narrowing elsewhere (tęsknić za not do, myśleć o not nad). A2 placement is right for a two-slot frame built on an A1 sibling. No canonical example yet (draft B-02).",None. Example authoring in 4F-C.,ACCEPT,NONE,,The full komuś w czymś frame is a useful A2 extension of the A1 recipient pattern; the two required slots are appropriate for this deliberately full taught subframe.,Add the planned canonical example in 4F-C before learner activation.,COMPATIBLE DIFFERENCE,NO,ACCEPT AS IS,NONE,NONE,,Compatible difference with no residue. EXACT-FRAME on KOMU + w CZYM; A2 above its A1 sibling is coherent staging; narrowing to the w alternant matches the pilot's consistent policy. F-01 is handled at phase level.,,DROP NOTE,,NONE
P7-NR-004,słuchać,vp-m-sluchac-listen-to-d981b432efa8,vp-p-sluchac-listen-to-genitive-target-a274f84c8d93,słuchać + Genitive,lexical-frame,A1,A1,active-production,EXACT-FRAME,ACCEPT,NONE,,"EXACT-FRAME, A1 core, canonical example reused from an A1 card at the same level, and an error note that names the exact Accusative mistake learners make. Nothing outstanding.",,ACCEPT,NONE,,"The perception sense is well separated from obey, the Genitive target is clear, and the music example is natural and sufficient.",,EXACT AGREEMENT,NO,ACCEPT AS IS,NONE,NONE,,"Exact agreement, clean on both sides. EXACT-FRAME, A1 core, level-matched example, error note naming the exact Accusative error. Nothing to adjudicate.",,NONE,,NONE
P7-NR-005,słuchać,vp-m-sluchac-obey-eb23d8503e9a,vp-p-sluchac-obey-genitive-object-674adae2dec3,słuchać + Genitive,lexical-frame,B1,,recognition-only,EXACT-FRAME,CHANGES NEEDED,MEDIUM,F-05; F-01,"The frame is correct and separately numbered in the source. The learner-facing treatment is not: the only illustration is negated ('nie słucha rodziców'), and Polish negation independently forces the Genitive, so the example cannot show that słuchać governs the Genitive on its own. The sole repository grounding uses this sense with no complement at all, and there is no canonical example.",Replace the illustration in learnerExplanationEn with an affirmative one (e.g. a positive clause) so the Genitive is attributable to the verb; 4F-C example must also be affirmative.,ACCEPT,NONE,,The distinct obey sense justifies a separate meaning despite identical case government; B1 recognition-only treatment avoids overloading the core A1 frame.,Add the planned canonical example in 4F-C before learner activation.,SUBSTANTIVE DISAGREEMENT,NO,CHANGE BEFORE EDITORIAL ACCEPTANCE,MEDIUM,LABEL_OR_NOTE,EXAMPLE,"B1 found a real defect that B2 missed. The pattern's sole learner-facing illustration is negated ('nie slucha rodzicow'), and the Polish genitive of negation independently forces the Genitive on any object, so the sentence is equally consistent with an Accusative-governing verb and cannot demonstrate the claim the sentence itself makes. B2 assessed only the sense split, which is sound and is left untouched. B1's own remedy is insufficient: merely making it affirmative leaves 'slucha rodzicow' opaque, because masculine-personal Accusative plural is syncretic with the Genitive plural. The illustration must be affirmative AND case-transparent. learnerExplanationEn is canonical text and is not owned by 4F-C, so this is a change, not example debt.","In pattern vp-p-sluchac-obey-genitive-object-674adae2dec3 change learnerExplanationEn from 'In the obey sense sluchac still takes the Genitive: nie slucha rodzicow.' to 'In the obey sense sluchac still takes the Genitive: dziecko slucha mamy.' (affirmative, and Genitive mamy is distinct from Accusative mame). Change no other field: teachingStatus stays recognition-only and cefr stays {recognition: B1}. Directive to 4F-C: the canonical example for this pattern must also be affirmative and case-transparent.",SUPERSEDED BY CHANGE,,4F-B3B
P7-NR-006,czekać,vp-m-czekac-wait-for-bfb4d11f9655,vp-p-czekac-wait-for-na-accusative-target-3c9ac823ecde,czekać + na + Accusative,lexical-frame,A1,A1,active-production,EXACT-FRAME,ACCEPT,NONE,,"EXACT-FRAME on '(na KOGO/CO)'. The phase also declined to author the bare Genitive frame that the 2011 detailed entry lists but the contemporary reference does not, which is the right call and is recorded. A1 core with a level-matched example.",,ACCEPT,NONE,,This is a core high-utility A1 frame; the preposition and case are explicit and the bus example is sufficient in context.,,EXACT AGREEMENT,NO,ACCEPT AS IS,NONE,NONE,,"Exact agreement, clean. EXACT-FRAME on '(na KOGO/CO)', A1 core, level-matched example. Declining to author the bare Genitive frame that only the 2011 entry lists is recorded and is the right call.",,NONE,,NONE
P7-NR-007,potrzebować,vp-m-potrzebowac-need-1112b46d1be1,vp-p-potrzebowac-need-genitive-object-437fafad17d2,potrzebować + Genitive,lexical-frame,A1,A2,active-production,EXACT-FRAME,ACCEPT WITH NOTE,LOW,F-13,"EXACT-FRAME 'CZEGO'; splitting the infinitive frame off is correct. The canonical example is an A2 official-matters sentence ('zaświadczenia z pracy') while recognition is set at A1, so the worked example sits above the level at which the pattern is first met.","Consider an A1-level recognition example, or move recognition to A2. No structural change.",ACCEPT,NONE,,The ordinary need sense and Genitive object are learner-clear; A1 recognition with A2 production is a defensible staged treatment and the example is adequate.,,COMPATIBLE DIFFERENCE,NO,ACCEPT WITH NONBLOCKING NOTE,LOW,EXAMPLE,,"F-13 verified against the corpus: the canonical example is reused from a2-official-matters-019 ('Potrzebuje zaswiadczenia z pracy') while recognition is set at A1, so the worked sentence sits above the level at which the pattern is first met. Cheap, real 4F-C work. No structural and no CEFR change: B2 is right that A1 recognition with A2 production is a defensible staged treatment, so the example moves, not the level.",,KEEP NOTE,,4F-C
P7-NR-008,uczyć się,vp-m-uczyc-sie-study-bd96ff26cc60,vp-p-uczyc-sie-study-genitive-subject-matter-44c5fdb95dd7,uczyć się + Genitive,lexical-frame,A1,A2,active-production,EXACT-FRAME,ACCEPT,NONE,,"EXACT-FRAME 'CZEGO + (GDZIE)'. Two error notes, one for the case and one for the lexical się, and the się note correctly separates uczyć się from uczyć. Level-matched example.",,ACCEPT,NONE,,"The subject-matter frame is distinct from the infinitive skill frame, preserves lexical się, and has a clear Genitive example; staged production is reasonable.",,EXACT AGREEMENT,NO,ACCEPT AS IS,NONE,NONE,,"Exact agreement, clean. EXACT-FRAME 'CZEGO + (GDZIE)', two error notes, and the lexical-sie note correctly separates uczyc sie from uczyc.",,NONE,,NONE
P7-NR-009,uczyć się,vp-m-uczyc-sie-study-bd96ff26cc60,vp-p-uczyc-sie-study-infinitive-skill-ab708776387e,uczyć się + infinitive,lexical-frame,A2,B1,active-production,EXACT-FRAME,ACCEPT WITH NOTE,LOW,F-12; F-13,"EXACT-FRAME 'BEZOKOLICZNIK'. But this is a bare infinitive complement placed at A2/B1 while lubić + infinitive (row 28) is the same complement type at A1/A1, and both draw their example from an A1 card. The two placements cannot both be right.","Reconcile with row 28: either both bare-infinitive complements sit at A1/A1, or the difference is justified by the governing verb rather than the complement.",ACCEPT,NONE,,The infinitive is a coherent second realization of the broad learn/study meaning; its skill explanation and guitar example prevent confusion with nominal study content.,,COMPATIBLE DIFFERENCE,NO,ACCEPT WITH NONBLOCKING NOTE,LOW,CEFR,EXAMPLE,"F-12 is adjudicated rather than left open: the two placements CAN both be right, and B1 itself named the escape ('or the difference is justified by the governing verb'). It is. lubic + infinitive is a fixed high-frequency A1 formula with no competing frame; uczyc sie + infinitive expresses skill acquisition and must first be separated from uczyc sie + Genitive (row 008), which is a genuine extra demand. No CEFR change on either row. The note is kept so the asymmetry stops reading as unreconciled. F-13 (example from an A1 card for an A2/B1 pattern) is a minor 4F-C consideration only.",,KEEP NOTE,,REGISTER-ONLY
P7-NR-010,dziękować,vp-m-dziekowac-thank-f19a15334790,vp-p-dziekowac-thank-za-accusative-reason-fd31baa1b1ad,dziękować + za + Accusative,lexical-frame,A1,A1,active-production,SUBFRAME,ACCEPT,NONE,,"SUBFRAME, and the strongest of the four. 'Dziękuję za pomoc' with no named addressee is the canonical A1 gratitude phrase in real use; the omitted Dative is not a hidden participant a learner must supply. Row 11 supplies the fuller frame. Level-matched example.",,ACCEPT,NONE,,The recipient-free formula is independently useful and normal in learner use; it does not mislead because the explanation limits itself to the reason and the fuller sibling names the recipient.,,EXACT AGREEMENT,NO,ACCEPT AS IS,NONE,NONE,,"Exact agreement, clean, and the strongest of the four subframes. 'Dziekuje za pomoc' with no named addressee is the canonical A1 gratitude phrase; the omitted Dative is not a hidden participant the learner must supply. Row 011 carries the fuller frame.",,NONE,,NONE
P7-NR-011,dziękować,vp-m-dziekowac-thank-f19a15334790,vp-p-dziekowac-thank-dative-recipient-za-accusative-057197dd300f,dziękować + Dative + za + Accusative,lexical-frame,A2,B1,active-production,EXACT-FRAME,ACCEPT WITH NOTE,LOW,F-01,"EXACT-FRAME 'KOMU + za CO'. The existing canonical example is a B1 workplace sentence ('owocną współpracę') supporting an A2-recognition pattern, which is why 4C accepted a simpler replacement. That replacement is one of the five authorship-blocked rows.",None in B1. The accepted replacement stays pending for 4F-C.,ACCEPT,NONE,,The full recipient-plus-reason frame adds a real production contrast without duplicating the shorter A1 formula; B1 production is suitably conservative.,Use the already accepted replacement example in 4F-C; this dependency does not alter the verdict.,COMPATIBLE DIFFERENCE,NO,ACCEPT AS IS,NONE,NONE,,F-01 plus an already-accepted 4C replacement. Both are tracked: this is one of the five named example-group rows and the replacement is recorded and pending. Restating it as row-level editorial debt duplicates an existing dependency without adding information.,,DROP NOTE,,NONE
P7-NR-012,płacić,vp-m-placic-pay-dd4705572184,vp-p-placic-pay-za-accusative-goods-73c6760c091d,płacić + za + Accusative,lexical-frame,A1,A2,active-production,EXACT-FRAME,ACCEPT WITH NOTE,LOW,F-01,EXACT-FRAME; za + Accusative is the thing paid for and is listed in three of five schemas. Existing example is level-matched A1. Carries an authorship-blocked accepted replacement.,None in B1. The accepted replacement stays pending for 4F-C.,ACCEPT,NONE,,"The goods/service target is clearly separated from payment method, and za + Accusative is a useful core transactional pattern.",Use the already accepted replacement example in 4F-C; this dependency does not alter the verdict.,COMPATIBLE DIFFERENCE,NO,ACCEPT AS IS,NONE,NONE,,"As row 011: F-01 plus a tracked, accepted 4C replacement. The pattern itself is clean on both reviews, the existing example is level-matched A1, and za + Accusative is listed in three of five schemas.",,DROP NOTE,,NONE
P7-NR-013,płacić,vp-m-placic-pay-dd4705572184,vp-p-placic-pay-instrumental-method-ef4313d0d5ce,płacić + Instrumental,means-method,A1,A1,active-production,EXACT-FRAME,CHANGES NEEDED,MEDIUM,F-06,"The construction and the means-method relation type are both right, and the sibling row 12 prevents any 'płacić always takes Instrumental' reading. The label is the problem: role 'means' renders as the fixed phrase 'how it is done', which reads as manner. The Instrumental here is strictly the payment instrument (kartą, gotówką), not the manner of paying, and a learner who generalises manner will produce nonsense.","Add a pattern-level usage.note giving the payment-method reading (the schema already permits usage.note and no pattern uses it). Do not repoint the shared 'means' phrase, which is global. Keep active-production: the phrases are core A1 transactional Polish.",ACCEPT,NONE,,"The means role, means-method relationType, learner wording how you pay, and cash/card examples all convey payment method rather than generic manner; active A1 teaching is justified.",,SUBSTANTIVE DISAGREEMENT,NO,ACCEPT WITH NONBLOCKING NOTE,LOW,MODEL_LIMITATION,LABEL_OR_NOTE,"B2 is better supported on the verdict; B1 is better supported on the observation. F-06 is real: ROLE_PHRASES.means renders as 'how it is done', which reads as manner, while the Instrumental here is strictly the payment instrument. But B1's remedy fails on inspection. usage.note is accepted and type-checked by pp-verb-patterns.js and has no render path anywhere in the runtime, so adding one would place canonical text that no learner ever sees; and the phrasebook is global and locked by design ('One closed role -> one fixed English phrasing'), which B1 itself refuses to repoint for a single row. The learner-facing surface is meanwhile not ambiguous: learnerExplanationEn already says 'To say how you pay' with kart/gotowka, and the error note already targets *place z karta. No canonical change. Kept as locked-phrasebook debt with F-15.",,KEEP NOTE,,POST-PILOT
P7-NR-014,używać,vp-m-uzywac-use-bf360f430fed,vp-p-uzywac-use-genitive-object-2c5cb44fe85d,używać + Genitive,lexical-frame,A2,A2,active-production,EXACT-FRAME,ACCEPT WITH NOTE,LOW,F-13,EXACT-FRAME 'CZEGO + (do CZEGO)'; leaving the do-purpose slot unauthored is consistent narrowing. The canonical example comes from a B1 card while the pattern is A2/A2.,Consider an A2-level example. No structural change.,ACCEPT,NONE,,The tool/object meaning and bare Genitive are clear and useful at A2; the application example demonstrates the governed form adequately.,,COMPATIBLE DIFFERENCE,NO,ACCEPT WITH NONBLOCKING NOTE,LOW,EXAMPLE,,"F-13 verified: the canonical example is reused from b1-media-technology-001 while the pattern is A2/A2, so the worked sentence sits above the pattern's own band. Same disposal as row 007: move the example, not the level. No structural change; B2's clean read of the frame stands.",,KEEP NOTE,,4F-C
P7-NR-015,prosić,vp-m-prosic-request-12aaa8159096,vp-p-prosic-request-o-accusative-request-06d776fbfd20,prosić + o + Accusative,lexical-frame,A1,A2,active-production,EXACT-FRAME,ACCEPT,NONE,,"EXACT-FRAME, 'o CO' listed first among six schemas. 'Proszę o paszport' with no addressee is the canonical service-counter phrase, so the short frame is the right one to teach first, and row 16 carries the fuller one.",,ACCEPT,NONE,,The short request frame is a high-value standalone construction; omission of the person addressed is natural and the full sibling remains available for explicit participant teaching.,,EXACT AGREEMENT,NO,ACCEPT AS IS,NONE,NONE,,"Exact agreement, clean. 'o CO' is listed first among six schemas and 'Prosze o paszport' is the canonical service-counter phrase, so the short frame is rightly taught first, with row 016 carrying the fuller one.",,NONE,,NONE
P7-NR-016,prosić,vp-m-prosic-request-12aaa8159096,vp-p-prosic-request-accusative-person-o-accusative-thing-b7a8d9ce1a99,prosić + Accusative + o + Accusative,lexical-frame,A2,B1,active-production,SUBFRAME,ACCEPT WITH NOTE,LOW,F-01; F-15,"SUBFRAME. Pedagogically this is the pair's payoff row: two Accusatives with different roles is exactly what learners get wrong, and the generated headline separates them ('kogo? o co?'). The role phrase for the person is 'the person you talk to', which fits rozmawiać better than prosić — you are not conversing with them, you are asking them for something. No canonical example yet (draft B-04).","Consider a usage.note naming the person as the one asked. Shared role phrasing is global, so do not repoint it for this row alone.",ACCEPT,NONE,,The full KOGO + o CO contrast is pedagogically valuable at B1 and coexists coherently with the shorter transactional frame; the two Accusative roles are explained distinctly.,Add the planned canonical example in 4F-C before learner activation.,COMPATIBLE DIFFERENCE,NO,ACCEPT WITH NONBLOCKING NOTE,LOW,MODEL_LIMITATION,LABEL_OR_NOTE,"F-15 is the same class as F-06 and gets the same disposal. ROLE_PHRASES.interlocutor is 'the person you talk to', which fits rozmawiac and not prosic. The phrasebook is global and locked, and usage.note has no render path, so B1's own suggested vehicle would not reach a learner. No canonical change is available or warranted. The row's actual pedagogical payload already works: the generated headline separates the two Accusatives by diagnostic question (kogo? / o co?), which is what learners get wrong.",,KEEP NOTE,,POST-PILOT
P7-NR-017,interesować się,vp-m-interesowac-sie-be-interested-in-7a9b8150975b,vp-p-interesowac-sie-be-interested-in-instrumental-topic-1ab788e84e01,interesować się + Instrumental,lexical-frame,A2,A2,active-production,EXACT-FRAME,ACCEPT,NONE,,"EXACT-FRAME 'CZYM' from the hobbies sense, level-matched A2 example, and an error note that pre-empts the *interesuję się o transfer error. Nothing outstanding.",,ACCEPT,NONE,,"Lexical się, the interest topic, and bare Instrumental are all explicit; the politics-and-sport example is natural and sufficiently transparent.",,EXACT AGREEMENT,NO,ACCEPT AS IS,NONE,NONE,,"Exact agreement, clean. EXACT-FRAME 'CZYM' from the hobbies sense, level-matched A2 example, error note pre-empting the *interesuje sie o transfer.",,NONE,,NONE
P7-NR-018,dbać,vp-m-dbac-take-care-of-2b403d3e1b49,vp-p-dbac-take-care-of-o-accusative-target-d3e3eb63129c,dbać + o + Accusative,lexical-frame,B1,B1,active-production,EXACT-FRAME,ACCEPT,NONE,,"EXACT-FRAME 'o KOGO/CO'. B1 placement is defensible for a mid-frequency verb, and the example ('dbać o siebie') is level-matched and idiomatic.",,ACCEPT WITH NOTE,LOW,P7-B2-001,"The frame and B1 teaching decision are sound, but the sole canonical example uses o siebie, whose form does not visibly distinguish Accusative for a learner studying the case pattern.","Keep the natural existing example, but add or substitute a case-transparent noun phrase such as dbać o kondycję or dbać o zdrowie before production use.",COMPATIBLE DIFFERENCE,NO,ACCEPT WITH NONBLOCKING NOTE,LOW,EXAMPLE,,"B2's LOW note is the one B2-only finding and it is worth keeping, but it needs correcting on the linguistics. 'o siebie' does distinguish Accusative from Locative (o sobie), which is the live confusion in a corpus that teaches o + Locative on rozmawiac (021) and myslec (035), so the example is less opaque than B2 states. It is nonetheless not case-transparent for a learner drilling noun endings, since siebie is an irregular pronoun with no visible Accusative morphology. B2's own alternative 'dbac o zdrowie' does not fix that either: zdrowie is neuter and its Accusative is identical to its Nominative. Keep the natural existing example; 4F-C should add a feminine -e noun (dbac o kondycje, dbac o forme), which is the only shape that makes the Accusative visible. Useful editorial debt, not release debt.",,KEEP NOTE,,4F-C
P7-NR-019,tęsknić,vp-m-tesknic-miss-d796ac98d4f5,vp-p-tesknic-miss-za-instrumental-target-f866502502c7,tęsknić + za + Instrumental,lexical-frame,B1,B1,active-production,EXACT-FRAME,ACCEPT,NONE,,EXACT-FRAME. Authoring only the za + Instrumental alternant and leaving do + Genitive to native review is recorded and consistent with the pilot's narrowing policy. Level-matched example and a well-aimed error note.,,ACCEPT,NONE,,"The separation/missing meaning, za + Instrumental label, B1 level, and personal-pronoun example form a clear production-ready treatment.",,EXACT AGREEMENT,NO,ACCEPT AS IS,NONE,NONE,,"Exact agreement, clean. Authoring only the za + Instrumental alternant and leaving do + Genitive to native review is recorded and consistent with the narrowing policy.",,NONE,,NONE
P7-NR-020,rozmawiać,vp-m-rozmawiac-talk-with-73fae3a5d72c,vp-p-rozmawiac-talk-with-z-instrumental-interlocutor-8398fa7449ca,rozmawiać + z + Instrumental,lexical-frame,A2,A2,active-production,EXACT-FRAME,ACCEPT WITH NOTE,LOW,F-01,EXACT-FRAME 'z KIM + (o KIM/CZYM)'; isolating the interlocutor slot is sound because the z KIM slot is the obligatory one in that schema. No canonical example yet (draft B-05).,None. Example authoring in 4F-C.,ACCEPT,NONE,,The interlocutor-only frame is independently useful at A2 and its sibling patterns make clear that a topic can be added rather than being obligatorily absent.,Add the planned canonical example in 4F-C before learner activation.,COMPATIBLE DIFFERENCE,NO,ACCEPT AS IS,NONE,NONE,,"F-01 only, handled at phase level. Isolating the interlocutor slot is sound because z KIM is the obligatory slot of that schema; both reviewers agree the frame is clean.",,DROP NOTE,,NONE
P7-NR-021,rozmawiać,vp-m-rozmawiac-talk-with-73fae3a5d72c,vp-p-rozmawiac-talk-with-o-locative-topic-b1c59475ac05,rozmawiać + o + Locative,lexical-frame,A2,A2,active-production,EXACT-FRAME,CHANGES NEEDED,MEDIUM,F-03,"This row is source-defensible and still pedagogically misleading. The phase's own evidence records that the bare o-topic slot is the sole complement of the plural-subject schema, and that a singular subject makes the z KIM slot obligatory. The pattern is nonetheless authored as an independent active-production A2 frame with no record of that restriction: only the plural verb in the explanation string encodes it, and nothing stops a learner producing *Rozmawiam o pracy.","Record the reciprocal/plural-subject condition in usage.note, or narrow the pattern so the condition is structural. Reconsider active-production until it is represented.",ACCEPT,NONE,,"The topic-only frame is natural, concise, and complementary to the partner frame; the preposition/case explanation is learner-clear.",Add the planned canonical example in 4F-C before learner activation.,SUBSTANTIVE DISAGREEMENT,NO,ACCEPT WITH NONBLOCKING NOTE,LOW,LABEL_OR_NOTE,,"B2 is better supported and B1's CHANGES NEEDED is overturned. F-03 reads a lexicographic artifact as a usage restriction. WSJP separates a plural-subject reciprocal schema from a singular-subject z KIM schema, but that separation idealises the entry, not the language: 'Nie rozmawiam o pracy w domu' and 'Nie lubie rozmawiac o polityce' are ordinary Polish with a singular subject and no expressed partner. The authored pattern therefore licenses no error, and narrowing or downgrading a core A2 frame on that basis would be a real pedagogical loss for no correctness gain. The note is kept only to record that the explanation's plural ('rozmawiamy o pracy') is a stylistic choice and not an encoded restriction, so F-03 does not recur.",,KEEP NOTE,,REGISTER-ONLY
P7-NR-022,rozmawiać,vp-m-rozmawiac-talk-with-73fae3a5d72c,vp-p-rozmawiac-talk-with-z-instrumental-o-locative-4e586b18cf98,rozmawiać + z + Instrumental + o + Locative,lexical-frame,B1,B1,active-production,EXACT-FRAME,ACCEPT WITH NOTE,LOW,F-01,"EXACT-FRAME for the combined schema, and the error note correctly targets the role confusion between the two slots. B1 for a frame whose parts are both A2 is defensible as a combination step, though it is at the cautious end. No canonical example yet (B-07).",None. Example authoring in 4F-C.,ACCEPT,NONE,,"The combined frame usefully consolidates two A2 subframes at B1; each participant has a distinct preposition and case, so the sibling overlap is purposeful.",Add the planned canonical example in 4F-C before learner activation.,COMPATIBLE DIFFERENCE,NO,ACCEPT AS IS,NONE,NONE,,F-01 only. B1 at the cautious end for a frame whose parts are both A2 is defensible as a combination step and B2 reads it as purposeful consolidation. No residue.,,DROP NOTE,,NONE
P7-NR-023,bać się,vp-m-bac-sie-be-afraid-of-60cc08a05be5,vp-p-bac-sie-be-afraid-of-genitive-stimulus-4f1d684a5144,bać się + Genitive,lexical-frame,A2,B1,active-production,EXACT-FRAME,ACCEPT WITH NOTE,LOW,F-17,"EXACT-FRAME 'KOGO/CZEGO', level-matched example, good error note. Minor internal mismatch: the pattern key calls the participant a stimulus while the complement role is 'target', because the closed role enum has no stimulus value.",None available within the closed enum. Record as a model-vocabulary limitation.,ACCEPT,NONE,,"The feared stimulus is clearly distinguished from concern for someone, lexical się is preserved, and the example visibly supplies Genitive complements.",,COMPATIBLE DIFFERENCE,NO,ACCEPT WITH NONBLOCKING NOTE,LOW,MODEL_LIMITATION,,"F-17 is a genuine internal mismatch: the pattern key says genitive-stimulus while the complement role is 'target'. It is unfixable inside the locked closed role enum, which has no stimulus value, so there is no canonical change to make. Kept as model-vocabulary debt with F-11 so a post-pilot enum review has the full list.",,KEEP NOTE,,POST-PILOT
P7-NR-024,bać się,vp-m-bac-sie-worry-about-3a50faed54bf,vp-p-bac-sie-worry-about-o-accusative-concern-c4b9b8d6811b,bać się + o + Accusative,lexical-frame,B1,,recognition-only,EXACT-FRAME,ACCEPT WITH NOTE,LOW,F-01,"EXACT-FRAME under a separately numbered sense, and splitting it from row 23 is right: the participant mapping genuinely differs. Role 'topic' for the person worried about is the least bad fit in the closed enum. Recognition-only at B1 is appropriate for a contrast row. No canonical example yet (draft B-08).",None. Example authoring in 4F-C.,ACCEPT,NONE,,The concern meaning merits its own sense and o + Accusative pattern; recognition-only B1 treatment is proportionate for this secondary contrast.,Add the planned canonical example in 4F-C before learner activation.,COMPATIBLE DIFFERENCE,NO,ACCEPT AS IS,NONE,NONE,,"F-01 only. Splitting from row 023 is right because the participant mapping genuinely differs, and recognition-only at B1 is proportionate for a secondary contrast row.",,DROP NOTE,,NONE
P7-NR-025,być,vp-m-byc-predicate-role-93c209d5654b,vp-p-byc-predicate-role-instrumental-predicate-3b90a83fbb30,być + Instrumental,constructional-frame,A1,A2,active-production,EXACT-FRAME,ACCEPT,NONE,,"EXACT-FRAME 'CZYM' and the correct relation type: this is the specification's named constructional-frame fixture. The typed contrast to the out-of-corpus 'to jest' construction is recorded, so the corpus boundary is visible rather than implied.",,ACCEPT,NONE,,"The constructional-frame relation avoids treating the predicate as an ordinary object, the scope correctly excludes to jest, and the profession example is strong.",,EXACT AGREEMENT,NO,ACCEPT AS IS,NONE,NONE,,"Exact agreement, clean. The specification's named constructional-frame fixture, with the out-of-corpus 'to jest' construction typed as an explicit contrast.",,NONE,,NONE
P7-NR-026,znać,vp-m-znac-be-acquainted-with-54b71d59f073,vp-p-znac-be-acquainted-with-accusative-object-379e19b36299,znać + Accusative,lexical-frame,A1,A1,active-production,EXACT-FRAME,ACCEPT,NONE,,"EXACT-FRAME 'KOGO/CO', A1 core, level-matched example, and a negation contrast reference that anticipates the Genitive-under-negation shift. Nothing outstanding.",,ACCEPT,NONE,,"The acquaintance/knowledge scope is clear against umieć and wiedzieć, and tę restaurację gives a case-transparent core A1 example.",,EXACT AGREEMENT,NO,ACCEPT AS IS,NONE,NONE,,"Exact agreement, clean. A1 core, case-transparent example ('te restauracje'), and a negation contrast that anticipates the Genitive-under-negation shift.",,NONE,,NONE
P7-NR-027,lubić,vp-m-lubic-enjoy-thing-or-activity-fd56f32d6d55,vp-p-lubic-enjoy-thing-or-activity-accusative-object-7e585a50878f,lubić + Accusative,lexical-frame,A1,A1,active-production,EXACT-FRAME,ACCEPT WITH NOTE,LOW,F-18,"EXACT-FRAME, and grouping the nominal object with the infinitive under one broad enjoy meaning mirrors the source, which lists CO and BEZOKOLICZNIK in one sense whose collocations span consumables, abstracts and activity verbs. That grouping is pedagogically coherent. Excluding the separately numbered people sense costs no accuracy — the government is identical — but it does remove the lubić kogoś / podoba mi się contrast, which is the confusion learners actually have.",None to this pattern. Consider whether the excluded people sense should be authored post-pilot so the contrast with row 37 can be taught.,ACCEPT,NONE,,"A broad thing/activity teaching meaning is coherent: this nominal pattern keeps the experiencer as subject, contrasts cleanly with podobać się, and has a natural A1 example.",,COMPATIBLE DIFFERENCE,NO,ACCEPT WITH NONBLOCKING NOTE,LOW,MEANING,,"Both reviewers accept the broad enjoy meaning and so does this adjudication: the source lists CO and BEZOKOLICZNIK under one sense, and the learner meets one verb with two shapes. F-18 is kept because it is a coverage observation with a live consequence: the corpus cross-references lubic and podobac sie as contrasts, but excluding the people sense means 'lubie Anne' / 'Anna mi sie podoba' cannot be shown - and row 037 is being promoted to production by this adjudication, which raises the value of that contrast. Post-pilot coverage, not a pilot change.",,KEEP NOTE,,POST-PILOT
P7-NR-028,lubić,vp-m-lubic-enjoy-thing-or-activity-fd56f32d6d55,vp-p-lubic-enjoy-thing-or-activity-infinitive-activity-be3742b7ce45,lubić + infinitive,lexical-frame,A1,A1,active-production,EXACT-FRAME,ACCEPT WITH NOTE,LOW,F-12; F-18,"EXACT-FRAME 'BEZOKOLICZNIK' under the same sense as row 27, so the one-meaning grouping holds. Level-matched A1 example. Its A1/A1 placement is what makes row 9's A2/B1 placement of the same complement type look unreconciled.",Reconcile the infinitive-complement placement with row 9.,ACCEPT,NONE,,The activity realization belongs with the nominal liking meaning pedagogically; the infinitive label and reading example make the alternation immediately usable at A1.,,COMPATIBLE DIFFERENCE,NO,ACCEPT WITH NONBLOCKING NOTE,LOW,CEFR,MEANING,"Grouping holds under the same sense as row 027. F-12 is resolved at row 009: the A1/A1 placement here is right for a fixed high-frequency formula and the A2/B1 placement there is justified by the governing verb, not by the complement type. No change on either row; the note records the justification. F-18 shared with row 027.",,KEEP NOTE,,REGISTER-ONLY
P7-NR-029,mówić,vp-m-mowic-tell-content-15073cbb8666,vp-p-mowic-tell-content-dative-recipient-accusative-content-2f2b1add1960,mówić + Dative + Accusative,lexical-frame,A2,B1,active-production,EXACT-FRAME,CHANGES NEEDED,MEDIUM,F-02,"The frame is licensed, but the cited schema is '(KOMU) + CO' — the Dative is parenthesised, i.e. omissible — and this pattern marks it required. Both mówić patterns do. The corpus therefore has no way to represent 'Mówię prawdę', and every mówić construction a learner can meet forces a recipient that the source treats as optional. This is the mirror image of the subframe question: elsewhere the pilot teaches the short frame, here it teaches only the long one.","Either mark the Dative recipient optional, or author a recipient-less mówić pattern. Requires a canonical change; do not resolve inside B1.",CHANGES NEEDED,MEDIUM,P7-B2-002,"The full komuś coś frame is useful, but the inventory lacks the equally basic recipient-omitted mówić coś construction; presenting only a required Dative full frame risks implying that an addressee must be expressed.","Retain this full frame and add a shorter mówić + Accusative learner pattern, or explicitly model recipient optionality without weakening the full-frame contrast. Add a canonical example in 4F-C.",EXACT AGREEMENT,NO,CHANGE BEFORE EDITORIAL ACCEPTANCE,MEDIUM,OPTIONALITY,LABEL_OR_NOTE,"Consensus row, and the shared diagnosis survives verification: the cited Skladnia is '(KOMU) + CO' with the Dative parenthesised, yet the complement is marked required, so the corpus cannot express 'Mowie prawde'. Both reviewers offer the same two remedies. The smallest safe one is flipping the flag, not authoring new patterns: a new pattern would add a 46th row after 4F-A closed reference verification at 45 and would need its own evidence and verification event, whereas required:false simply makes the data agree with evidence already verified. One correction to both reviewers: the flag alone is invisible. Every one of the corpus's 54 complements is required:true, and pp-verb-patterns.js type-checks the boolean but never reads it - no renderer filters or branches on it. So the flag change must be paired with the one field that does reach the learner, or the model will still teach that the recipient is obligatory.","In pattern vp-p-mowic-tell-content-dative-recipient-accusative-content-2f2b1add1960: (a) change complements[0].required (the Dative recipient) from true to false, leaving complements[1] (Accusative content) required:true; (b) change learnerExplanationEn from 'Two roles: the person told is Dative, the thing told is Accusative.' to 'The thing told is Accusative and the person told is Dative; the person can be left out: mowie prawde.' Do not add a new pattern. Do not change cefr, teachingStatus, relationType or evidence. B3B must recompute the pattern's reviewEvent scopeDigest, since complements are in scope.",SUPERSEDED BY CHANGE,,4F-B3B
P7-NR-030,mówić,vp-m-mowic-tell-content-15073cbb8666,vp-p-mowic-tell-content-dative-recipient-ze-clause-a01ddc4a4736,mówić + Dative + ze-clause,lexical-frame,A2,B1,active-production,EXACT-FRAME,CHANGES NEEDED,MEDIUM,F-02,"Same defect as row 29 and slightly sharper: '(KOMU) + że ZDANIE' is the cited schema, yet the Dative is required, so the corpus cannot express 'Mówię, że ...' — among the most frequent clause constructions a B1 learner needs. The clause-kind representation itself is correct.",As row 29. Optionality or a second pattern; a canonical change outside B1's authority.,CHANGES NEEDED,MEDIUM,P7-B2-003,"The full recipient-plus-clause frame is valid, but the common recipient-omitted mówić, że… frame is absent and the learner-facing ze-clause label loses Polish ż, reducing clarity.","Retain the full frame, add a shorter mówić + że-clause pattern or model recipient optionality, and render the clause label with że. Add a canonical example in 4F-C.",EXACT AGREEMENT,YES,CHANGE BEFORE EDITORIAL ACCEPTANCE,MEDIUM,OPTIONALITY,LABEL_OR_NOTE,"Same defect as row 029 and sharper: '(KOMU) + ze ZDANIE' is the cited schema, so the corpus cannot express 'Mowie, ze ...', among the most frequent clause constructions a B1 learner needs. Same smallest-safe correction. B2's additional sub-proposal - that the learner-facing ze-clause label loses the Polish diacritic - is rejected as factually wrong: CLAUSE_TOKENS in pp-verb-patterns.js already maps clauseKind 'ze' to the rendered token 'ze ...' with the diacritic, and the ASCII 'ze' is only the locked internal enum key, which cannot be changed without a schema change. B2 appears to have read the review artifact's own pattern label rather than the learner surface.","In pattern vp-p-mowic-tell-content-dative-recipient-ze-clause-a01ddc4a4736: (a) change complements[0].required (the Dative recipient) from true to false, leaving the clause complement required:true; (b) change learnerExplanationEn from 'The same meaning with clause content: the person stays Dative and ze introduces what is said.' to 'The same meaning with clause content: ze introduces what is said, and the person, if named, is Dative: mowie, ze to prawda.' Do NOT change clauseKind: the enum value 'ze' is locked and already renders as 'ze ...' with the diacritic. B3B must recompute the scopeDigest.",SUPERSEDED BY CHANGE,,4F-B3B
P7-NR-031,pytać,vp-m-pytac-ask-for-information-edc2b66ff9d6,vp-p-pytac-ask-for-information-o-accusative-topic-c89674d989d8,pytać + o + Accusative,lexical-frame,A2,A2,active-production,SUBFRAME,DEFER,HIGH,F-04; F-01,"The thinnest reference support in the corpus carries its strongest teaching commitment. Support is SUBFRAME and, by the phase's own note, rests on a single collocation rather than a class; the addressee is omitted from a schema that pairs o KOGO/CO with KOGO; there is no canonical example; and the only repository attestation realises the perfective partner zapytać, not pytać. The construction itself is real everyday Polish, so this is not a correctness rejection — it is a refusal to ship the weakest-evidenced row as active-production A2 with nothing worked through.","Do not advance as authored. Either downgrade to recognition-only pending stronger support, or hold the row for 4F-C and native confirmation. Adjudicate after B2.",ACCEPT,NONE,,The short topic frame is natural and useful without an expressed addressee; the full sibling prevents participant omission from becoming a misleading statement about all uses.,Add the planned canonical example in 4F-C before learner activation.,SUBSTANTIVE DISAGREEMENT,NO,ACCEPT WITH NONBLOCKING NOTE,LOW,EXAMPLE,,"B1's DEFER - the corpus's only HIGH - is overturned; the pattern stays in the pilot as authored. Three grounds. First, two of B1's four compounding reasons are out of scope or non-distinguishing: reference validity was settled by 4F-A and this phase may not revisit it, and the missing example is shared with 21 other rows. Second, B1's own editorial test acquits this row: the test is whether the short frame is a complete idiomatic utterance in its own right, and 'Pytam o cene' is exactly that - as complete as 'Dziekuje za pomoc'. Third, the support is the same kind B1 called the model case for the subframe standard: 4F-A records pytac's support as Polaczenia, the same section that supports pomagac's bare Dative. Omitting the addressee does not create a misleading model, because the addressee is genuinely omissible in ordinary use and row 032 supplies the full frame under the same meaning. Active-production at A2 is right: asking about price, directions and times is core A2 transactional production, and downgrading to recognition-only would recreate the exact defect both reviewers flagged on row 037. The note that survives is B1's real one: the lemma has no clean repository sentence, so the example must be authored fresh.",,KEEP NOTE,,4F-C
P7-NR-032,pytać,vp-m-pytac-ask-for-information-edc2b66ff9d6,vp-p-pytac-ask-for-information-accusative-person-o-accusative-topic-841b41ed735a,pytać + Accusative + o + Accusative,lexical-frame,A2,B1,active-production,EXACT-FRAME,ACCEPT WITH NOTE,MEDIUM,F-01; F-04,"EXACT-FRAME 'KOGO + o KOGO/CO' — evidentially the stronger of the two pytać rows, and structurally the more informative one. Severity is raised above its own defects because of the interaction: if row 31 defers, this becomes the only pytać pattern in the pilot, and it has no canonical example and no reusable repository sentence (the one that exists is marked slang).","None to the frame. Prioritise its 4F-C example, since the lemma may rest on this row alone.",ACCEPT,NONE,,"The KOGO + o CO frame gives a valuable full contrast at B1, and the two Accusative roles are stated clearly enough to coexist with the shorter A2 topic pattern.",Add the planned canonical example in 4F-C before learner activation.,COMPATIBLE DIFFERENCE,NO,ACCEPT WITH NONBLOCKING NOTE,LOW,EXAMPLE,,"B1's MEDIUM severity was explicitly conditional on row 031 deferring ('if row 31 defers, this becomes the only pytac pattern'). Row 031 is retained, so the premise dissolves and severity drops to LOW. The frame itself is EXACT-FRAME 'KOGO + o KOGO/CO' and both reviewers accept it. Coexistence with 031 is confirmed and is the right architecture: 031 is the A2 short frame, 032 the B1 full frame, mirroring prosic 015/016 and pomagac 002/003. The kept note is the example dependency: the only repository sentence with this verb and an o phrase is marked slang and is referenced rather than reused, so 4F-C must author fresh here too.",,KEEP NOTE,,4F-C
P7-NR-033,widzieć,vp-m-widziec-perceive-visually-65710cb07f86,vp-p-widziec-perceive-visually-accusative-object-80b697e51432,widzieć + Accusative,lexical-frame,A1,A1,active-production,EXACT-FRAME,ACCEPT WITH NOTE,LOW,F-01,"EXACT-FRAME 'KOGO/CO' from the visual-perception sense, with the encounter sense explicitly not used as the source. Existing example is level-matched. Carries an authorship-blocked accepted replacement.",None in B1. The accepted replacement stays pending for 4F-C.,ACCEPT,NONE,,"The visual-perception scope excludes encounter and figurative senses, and the plain Accusative pattern is core A1 material.",Use the already accepted replacement example in 4F-C; this dependency does not alter the verdict.,COMPATIBLE DIFFERENCE,NO,ACCEPT AS IS,NONE,NONE,,"F-01 plus a tracked accepted 4C replacement, as rows 011 and 012. The visual-perception scope explicitly excludes the encounter sense and the existing example is level-matched.",,DROP NOTE,,NONE
P7-NR-034,mieć,vp-m-miec-possess-1ba1201b22bf,vp-p-miec-possess-accusative-object-7181f802bd57,mieć + Accusative,lexical-frame,A1,A1,active-production,EXACT-FRAME,ACCEPT,NONE,,"EXACT-FRAME 'CO' selected from an entry with nineteen numbered senses, with obligation, age and time expressions deliberately excluded and recorded. A1 core, level-matched example, negation contrast referenced.",,ACCEPT,NONE,,"The possession scope is appropriately narrow, the Accusative object is a core A1 relation, and the pets example is natural and sufficient.",,EXACT AGREEMENT,NO,ACCEPT AS IS,NONE,NONE,,"Exact agreement, clean. One frame selected from an entry with nineteen numbered senses, with obligation, age and time expressions deliberately excluded and recorded.",,NONE,,NONE
P7-NR-035,myśleć,vp-m-myslec-think-about-fa2e0ab5d95a,vp-p-myslec-think-about-o-locative-topic-edf0461e0dd2,myśleć + o + Locative,lexical-frame,A2,A2,active-production,EXACT-FRAME,CHANGES NEEDED,MEDIUM,F-19,"The frame is licensed and authoring only the o alternant is consistent. The problem is release readiness: this is an active-production A2 core pattern with no canonical example and, by its own evidence, no reusable source — the drill sentence sits in a field outside the locked provenance enum, and the only complete repository sentence realises the excluded opinion sense. Nothing in the repository can supply this example.",4F-C must author an example rather than reuse one. Until then active-production is not supportable.,ACCEPT,NONE,,"The topic meaning is well separated from opinion and intention, and o + Locative is a useful active A2 frame with clear learner wording.",Add the planned canonical example in 4F-C before learner activation.,SUBSTANTIVE DISAGREEMENT,NO,ACCEPT WITH NONBLOCKING NOTE,MEDIUM,EXAMPLE,,"B1's facts are right and its disposition is not. Every element of F-19 verifies: the Locative drill sentence sits in a 'full' field outside the locked repository-reuse provenance enum, and the only complete repository sentence with this lemma realises the excluded opinion sense and is typed as a contrast. But this is an example defect, not a pattern defect, and section 12 of the phase brief governs: the linguistic pattern is not downgraded for missing example work that 4F-C owns. The frame is licensed, authoring only the o alternant is consistent with the narrowing policy, and B2 reads it clean. Severity stays MEDIUM rather than LOW because, uniquely among the example-less rows, nothing in the repository can be reused: 4F-C must author from scratch.",,KEEP NOTE,,4F-C
P7-NR-036,znaleźć,vp-m-znalezc-find-8a0f0f34b6e8,vp-p-znalezc-find-accusative-object-d80c52211462,znaleźć + Accusative,lexical-frame,A2,B1,active-production,EXACT-FRAME,CHANGES NEEDED,MEDIUM,F-09,"EXACT-FRAME 'KOGO/CO' and the szukać contrast is the pattern's whole pedagogical value; the error note states it well. The canonical example undercuts it: 'W końcu udało mi się znaleźć mieszkanie' embeds the verb in an impersonal udać się construction with a Dative clitic, so the sentence a learner reads to see 'znaleźć takes the Accusative' is dominated by two harder structures the pattern does not teach.","Replace with a finite, unembedded example that isolates the Accusative object. Example wording is 4F-C's to change, not B1's.",ACCEPT WITH NOTE,LOW,P7-B2-004,"The result meaning and Accusative contrast with A1 szukać are excellent, but delaying production to B1 is conservative for a core verb already introduced and exemplified at A2.",Recheck the curriculum gate and prefer A2 production unless aspect or inflection sequencing supplies a documented reason for B1.,SUBSTANTIVE DISAGREEMENT,NO,ACCEPT WITH NONBLOCKING NOTE,MEDIUM,EXAMPLE,,"Split decision, and both halves resolve against a CHANGE. On B1's F-09: the criticism is right and understated. 'W koncu udalo mi sie znalezc mieszkanie' buries the pattern in an impersonal udac sie construction with a Dative clitic, and neither reviewer noticed that it also fails on transparency, since mieszkanie is neuter and its Accusative is identical to its Nominative - so the sentence meant to show 'znalezc takes the Accusative' shows no Accusative morphology at all. That makes replacement clearly necessary, but it is example work, which 4F-C owns; the pattern is accepted. On B2-004: dropped. B2 asked for A2 production 'unless aspect or inflection sequencing supplies a documented reason', and the record supplies exactly that - the lemma is typed aspect:perfective, so it has no present tense and production requires past or perfective-future forms plus the znalezc/znalazlem stem alternation. A2/B1 stands.",,KEEP NOTE,,4F-C
P7-NR-037,podobać się,vp-m-podobac-sie-appeal-to-a74665181e3f,vp-p-podobac-sie-appeal-to-nominative-stimulus-dative-experiencer-ef199e675ee9,podobać się + Nominative + Dative,subject-experiencer,A2,,recognition-only,EXACT-FRAME,CHANGES NEEDED,MEDIUM,F-07,"subject-experiencer is the right relation type — the specification names this record as its fixture — and putting the Nominative in the complement list is the correct call: rendering the stimulus as a slot beside the Dative is what makes the reversed mapping visible, and the runtime already overrides its phrasing to 'the thing that appeals'. Teaching status is the defect. Recognition-only at A2 while its explicit contrast partner lubić is active-production at A1 means the learner can produce one half of a two-way contrast and only recognise the other. 'Podoba mi się' is core A1-A2 production Polish. The clitic cluster is a real reason for caution, but not for silence.","Reconsider active-production, at least for the fixed 'podoba mi się' frame. Also review the Dative role phrase: 'the person it happens to' is weaker than 'the person who likes it' here. No sense-2 evidence is added or implied.",CHANGES NEEDED,MEDIUM,P7-B2-005,The Nominative stimulus plus Dative experiencer and subject-experiencer relationType make the reversal from lubić unusually clear; keeping this core everyday construction recognition-only underserves the pilot.,"Keep the surfaced Nominative and role explanation, add a contrastive canonical example, and set active production at B1 after controlled A2 recognition.",EXACT AGREEMENT,YES,CHANGE BEFORE EDITORIAL ACCEPTANCE,MEDIUM,TEACHING_STATUS,CEFR,"Consensus row: both reviewers independently reject recognition-only for a core everyday construction whose explicit contrast partner lubic is produced at A1. The reviewers diverge on the level - B1 argues production at A1-A2 for the fixed frame, B2 argues B1 after controlled A2 recognition - and B1's position is better supported by B2's own stated reason. If the defect is that recognition-only 'underserves the pilot', setting production at B1 leaves podobac sie two full bands behind lubic and only half-fixes it; production at A2 matches the pattern's own recognition band, respects that the clitic cluster warrants being later than lubic, and is schema-valid (recognition A2 permits production A2 or B1). The rest of both reviews is upheld without change: subject-experiencer is the specification's named fixture, and the Nominative stays in the complement list because rendering the stimulus as a slot beside the Dative is what makes the reversed mapping visible. B1's second sub-proposal - retune the Dative role phrase - is rejected: ROLE_PHRASES.experiencer is global and locked, it is shared with row 045 where 'the person it happens to' is apt, and the only sanctioned override (SUBJECT_EXPERIENCER_SUBJECT) already applies to the Nominative. B1 itself forbids repointing a global phrase for one row.","In pattern vp-p-podobac-sie-appeal-to-nominative-stimulus-dative-experiencer-ef199e675ee9: (a) change teachingStatus from 'recognition-only' to 'active-production'; (b) add cefr.production = 'A2' (required by the schema once teachingStatus is active-production; recognition stays 'A2'). Change no complement, no role, no relationType and no learnerExplanationEn. Do not alter ROLE_PHRASES. Directive to 4F-C: author a contrastive canonical example pairing this frame with lubic. B3B must recompute the scopeDigest.",SUPERSEDED BY CHANGE,,4F-B3B
P7-NR-038,ufać,vp-m-ufac-trust-92b1bdb490f0,vp-p-ufac-trust-dative-object-10988adac8cd,ufać + Dative,lexical-frame,B1,B1,active-production,EXACT-FRAME,ACCEPT WITH NOTE,LOW,F-01,"EXACT-FRAME 'KOMU' with the personal-subject restriction recorded. Good error note. B1 for a core verb is defensible given Dative morphology. No canonical example yet (B-14), though a supporting B1 card is referenced.",None. Example authoring in 4F-C.,ACCEPT,NONE,,"The personal trust meaning and Dative object are narrow, useful, and suitable for active B1 teaching; the wording supplies a clear short example.",Add the planned canonical example in 4F-C before learner activation.,COMPATIBLE DIFFERENCE,NO,ACCEPT AS IS,NONE,NONE,,"F-01 only. EXACT-FRAME 'KOMU' with the personal-subject restriction recorded, a good error note, and B1 placement defensible for Dative morphology. Both reviews clean.",,DROP NOTE,,NONE
P7-NR-039,wierzyć,vp-m-wierzyc-have-trust-0a6cbf4eee17,vp-p-wierzyc-have-trust-dative-object-f38bb3e72123,wierzyć + Dative,lexical-frame,A2,B1,active-production,EXACT-FRAME,ACCEPT WITH NOTE,LOW,F-16; F-01,"On the grouping question: keeping the Dative and the w+Accusative frames under one broad trust meaning is ACCEPTABLE and should not be split. The source licenses both from one numbered sense, and more importantly the pair is the teaching point — splitting them into separate meanings would separate exactly the contrast a learner needs. The two explanations already state the contrast explicitly. No canonical example yet (B-15).",None. Do not split the meaning.,CHANGES NEEDED,MEDIUM,P7-B2-006,"Wierzyć komuś teaches accepting a person's words as true, while wierzyć w kogoś teaches confidence in that person; a single broad trust/faith meaning blurs a learner-critical semantic contrast even though both frames are defensible.","Give the Dative frame its own believe-someone/veracity meaning and scope, retain B1 production, and add a canonical contrastive example in 4F-C.",SUBSTANTIVE DISAGREEMENT,NO,ACCEPT WITH NONBLOCKING NOTE,LOW,MEANING,,"The wierzyc grouping question is decided for B1: retain one broad trust meaning. Three reasons. The source groups them - the cited sense 'miec zaufanie' lists both KOMU/CZEMU and w KOGO/CO under one numbered sense, so the grouping is not imposed on the data. The contrast B2 wants to protect is already carried where learners meet it: the two patterns state it explicitly ('To believe a person, use the Dative' / 'For confidence in a person or thing, use w + Accusative') and internalScope names both readings, whereas splitting the meaning would file the two halves apart and make the contrast less visible, not more. And the architectural cost is real: a split moves the pilot from 34 meanings to 35, requires a new meaning id and scope, and reopens meaning-level reference support that 4F-A closed. This is the dictionary-taxonomy purity the brief warns against. B2's separate point about teaching status is well taken and is actioned on row 040. Note kept so the split question is not re-litigated.",,KEEP NOTE,,REGISTER-ONLY
P7-NR-040,wierzyć,vp-m-wierzyc-have-trust-0a6cbf4eee17,vp-p-wierzyc-have-trust-w-accusative-target-6561408ea8d1,wierzyć + w + Accusative,lexical-frame,B1,,recognition-only,EXACT-FRAME,ACCEPT WITH NOTE,LOW,F-16; F-01,"EXACT-FRAME under the same trust sense, so the grouping holds. Recognition-only while its Dative sibling is active-production initially looks inconsistent, but it is defensible and appears deliberate: w + Accusative is formally identical to the separately numbered religious and ideological senses the meaning excludes, so inviting production would invite learners straight into excluded territory.",None. Record the asymmetry as deliberate rather than leaving it to look like an oversight.,CHANGES NEEDED,MEDIUM,P7-B2-007,"The w + Accusative frame expresses confidence in a person or thing rather than believing what someone says; grouping it under the Dative meaning weakens the contrast, and recognition-only is unnecessarily restrictive at B1.","Create a distinct confidence-in meaning, keep religious/existence senses explicitly out of scope, set active production at B1, and add a contrastive canonical example in 4F-C.",SUBSTANTIVE DISAGREEMENT,NO,CHANGE BEFORE EDITORIAL ACCEPTANCE,MEDIUM,TEACHING_STATUS,CEFR,"The two halves of B2's finding are taken separately on their merits, which is not splitting the difference. The meaning split is rejected at row 039. The teaching status is upheld: B2 is right that recognition-only is unnecessarily restrictive. B1's defence of the asymmetry - that w + Accusative is formally identical to the excluded religious and ideological senses, so production would invite learners into excluded territory - does not survive scrutiny, because government is invariant across those senses. A learner who produces 'wierze w Boga' produces correct Polish with correct government; the exclusion bounds the corpus's meaning inventory, not the learner's output, so the risk is scope leak and not error. Against that, 'wierze w ciebie' is high-value everyday production, and teaching only one half of an explicitly paired contrast for production is the same defect both reviewers flagged on row 037. Promoting it also removes the unexplained sibling asymmetry F-16 records.","In pattern vp-p-wierzyc-have-trust-w-accusative-target-6561408ea8d1: (a) change teachingStatus from 'recognition-only' to 'active-production'; (b) add cefr.production = 'B1' (the schema forces production B1 when recognition is B1; recognition stays 'B1'). Do NOT split the meaning, do not create a new meaning id, and leave internalScope and its religious/ideological/self-confidence exclusions verbatim. Directive to 4F-C: author a contrastive canonical example pairing wierze ci with wierze w ciebie. B3B must recompute the scopeDigest.",SUPERSEDED BY CHANGE,,4F-B3B
P7-NR-041,zajmować się,vp-m-zajmowac-sie-occupation-activity-7e3a8332a3bc,vp-p-zajmowac-sie-occupation-activity-instrumental-topic-3321df3f989e,zajmować się + Instrumental,lexical-frame,A2,B1,active-production,EXACT-FRAME,ACCEPT WITH NOTE,LOW,F-01,"EXACT-FRAME 'CZYM' for the activity sense, with the caring sense correctly separated into row 42. Good error note against the *o transfer. No canonical example yet (B-17).",None. Example authoring in 4F-C.,ACCEPT,NONE,,The occupation/activity sense is distinct from caring for a person despite identical surface government; A2 recognition and B1 production are coherent.,Add the planned canonical example in 4F-C before learner activation.,COMPATIBLE DIFFERENCE,NO,ACCEPT AS IS,NONE,NONE,,"F-01 only. The activity sense is correctly separated from the caring sense in row 042, the error note targets the *o transfer, and both reviews are otherwise clean.",,DROP NOTE,,NONE
P7-NR-042,zajmować się,vp-m-zajmowac-sie-look-after-person-b23fbb8fc99b,vp-p-zajmowac-sie-look-after-person-instrumental-object-6f93facbd939,zajmować się + Instrumental,lexical-frame,B1,,recognition-only,EXACT-FRAME,CHANGES NEEDED,MEDIUM,F-08,"The frame and the sense split are both right. The treatment is not coherent against its neighbour: this row and row 43 encode near-synonymous bare-Instrumental care constructions at the same B1 level, and this one is recognition-only while opiekować się is active-production. Nothing in either record cross-references the other, so a learner meets two ways of saying the same thing with opposite permissions and no link. Also one of the five authorship-blocked example rows.","Align the teaching status of rows 42 and 43, or record why they differ, and add a contrast contentRef between them.",ACCEPT,NONE,,The care sense deserves a separate meaning from occupation and provides a useful contrast with opiekować się; recognition-only appropriately manages polysemy in the pilot.,Use the already accepted draft example in 4F-C; this dependency does not alter the verdict.,SUBSTANTIVE DISAGREEMENT,NO,ACCEPT WITH NONBLOCKING NOTE,LOW,TEACHING_STATUS,MODEL_LIMITATION,"B2 is better supported and B1's CHANGES NEEDED is overturned. F-08 treats the recognition-only/active-production split as an unexplained inconsistency, but it follows a principle the corpus applies consistently elsewhere: the primary or dedicated sense is produced and the secondary sense of a polysemous verb is recognised. That is exactly rows 004/005 (sluchac perception produced, obey recognised) and rows 023/024 (bac sie). Here the dedicated care verb opiekowac sie is produced and the secondary care sense of a verb whose pilot-primary sense is occupation (041, active-production) is recognised - which also protects the learner from having to choose between two readings of the same surface string, 'zajmuje sie dzieckiem' against 'zajmuje sie marketingiem'. No change. B1's specific remedy is in any case not expressible: contentRef.kind is a closed enum of card/topic/drill/scenario, so a pattern cannot reference a sibling pattern. Note kept to record the principle so the asymmetry stops reading as an oversight.",,KEEP NOTE,,REGISTER-ONLY
P7-NR-043,opiekować się,vp-m-opiekowac-sie-care-for-278e820d8562,vp-p-opiekowac-sie-care-for-instrumental-object-8aa6f0a91e5b,opiekować się + Instrumental,lexical-frame,B1,B1,active-production,EXACT-FRAME,CHANGES NEEDED,MEDIUM,F-10; F-08,"EXACT-FRAME 'KIM/CZYM', clean single-frame entry, good error note. But it is authored as active-production B1 core with no canonical example and, by its own recorded evidence, no existing Po polsku card, drill, scenario or podcast line using the lemma anywhere. It is the only pattern in the corpus with no repository footing at all, and it is being taught for production.","Supply the 4F-C example before any production claim, and align with row 42 as above.",ACCEPT,NONE,,"The dedicated care verb, lexical się, and Instrumental object are clear and useful for B1 production without duplicating the recognition-only zajmować się contrast.",Add the planned canonical example in 4F-C before learner activation.,SUBSTANTIVE DISAGREEMENT,NO,ACCEPT WITH NONBLOCKING NOTE,MEDIUM,EXAMPLE,,"F-10 verifies and is the sharpest example finding in the corpus: this is the only pattern whose own evidence records that no card, drill, scenario or podcast line uses the lemma anywhere, and it is authored active-production with no canonical example. But the pattern is clean - EXACT-FRAME 'KIM/CZYM', single-frame entry, good error note - and section 12 governs: it is not downgraded for example work 4F-C owns, and it is not singled out for a gate the other fifteen example-less active-production rows do not face. The F-08 half is resolved at row 042: the status difference is principled and needs no alignment. Severity MEDIUM because the example must be authored from nothing.",,KEEP NOTE,,4F-C
P7-NR-044,zależeć,vp-m-zalezec-depend-on-d640b1729639,vp-p-zalezec-depend-on-od-genitive-source-1ad29f7a1318,zależeć + od + Genitive,lexical-frame,B1,B1,active-production,EXACT-FRAME,ACCEPT WITH NOTE,LOW,F-01,EXACT-FRAME 'od CZEGO' with the personal-dependency sense correctly held out as separately numbered. A supporting B1 card is referenced. One of the five authorship-blocked example rows (draft B-20).,None in B1. The accepted draft stays pending for 4F-C.,ACCEPT,NONE,,"The external-condition meaning is well separated from zależeć komuś na czymś, and od + Genitive is a high-value B1 production frame.",Use the already accepted draft example in 4F-C; this dependency does not alter the verdict.,COMPATIBLE DIFFERENCE,NO,ACCEPT AS IS,NONE,NONE,,F-01 plus a tracked accepted 4C draft. The external-condition meaning is correctly held apart from zalezec komus na czyms and both reviews are clean on the frame.,,DROP NOTE,,NONE
P7-NR-045,zależeć,vp-m-zalezec-matter-to-someone-e7bf97e3c145,vp-p-zalezec-matter-to-someone-dative-experiencer-na-locative-1fc4131471cc,zależeć + Dative + na + Locative,lexical-frame,B1,,recognition-only,EXACT-FRAME,ACCEPT WITH NOTE,LOW,F-11; F-01,"EXACT-FRAME 'KOMU + na CZYM' for a genuinely subjectless construction, and recognition-only at B1 is the right caution. The relation type is lexical-frame while row 37 gets subject-experiencer, which looks inconsistent for two experiencer constructions — but it is forced, not careless: the validator requires both a subject and an experiencer role for subject-experiencer, and this construction has no subject slot to give it. The cost is that the Dative renders with the generic 'the person it happens to' and the subjectlessness is carried by prose alone.",None available in B1. Record as a model-expressiveness gap: the model has no relation type for a subjectless experiencer construction.,ACCEPT,NONE,,The impersonal experiencer construction is explained accurately and differs from podobać się because it has no ordinary Nominative stimulus; lexical-frame reflects a model limit rather than an authoring inconsistency.,Add the planned canonical example in 4F-C before learner activation.,COMPATIBLE DIFFERENCE,NO,ACCEPT WITH NONBLOCKING NOTE,LOW,MODEL_LIMITATION,,"Both reviewers reach the same conclusion by different routes and both are right: the lexical-frame value on a genuinely subjectless experiencer construction is a model boundary, not an authoring inconsistency, because subject-experiencer requires both a subject and an experiencer role and this construction has no subject slot. There is no canonical change available. Kept as the anchor of the model-expressiveness register with F-17 and the locked-phrasebook notes, since the cost - generic role phrasing and subjectlessness carried by prose alone - is real and should inform any post-pilot revision of the closed enums.",,KEEP NOTE,,POST-PILOT
